film,number,abstract,starring,name,subjects,cinematography,director,gross,producer,language
" with paintings by H. R. Giger and a plot that had been called Hellraiser in outer space."" Jack Sholder was hired for substantial uncredited reshoots", and Francis Ford Coppola was brought in for editing purposes. Various sources suggest that little of Hill's work remains in the theatrical cut of the film. The film shares several plot similarities with the film Event Horizon," released in 19""",--Angela Bassett--James Spader--Lou Diamond Phillips--Peter Facinelli--Robert Forster--Robin Tunney--Wilson Cruz,Supernova,2000 films-2000 horror films-2000s science fiction horror films-2000s thriller films-American films-American science fiction horror films-American space adventure films-American thriller films-English-language films-Fiction about supernovae-Films directed by Alan Smithee-Films directed by Walter Hill-Films set in the 22nd century-Metro-Goldwyn-Mayer films-Swiss films-Swiss horror films,Lloyd Ahern II,Francis Ford Coppola,1.48E7,Francis Ford Coppola,English
Dracula 2000,http://dbpedia.org/resource/Category:2000_directorial_debut_films-http://dbpedia.org/resource/Category:2000_films-http://dbpedia.org/resource/Category:2000_horror_films-http://dbpedia.org/resource/Category:2000s_thriller_films-http://dbpedia.org/resource/Category:American_films-http://dbpedia.org/resource/Category:American_horror_thriller_films-http://dbpedia.org/resource/Category:American_supernatural_horror_films-http://dbpedia.org/resource/Category:Cultural_depictions_of_Judas_Iscariot-http://dbpedia.org/resource/Category:Dimension_Films_films-http://dbpedia.org/resource/Category:Dracula_2000_(film_series)-http://dbpedia.org/resource/Category:Dracula_films-http://dbpedia.org/resource/Category:English-language_films-http://dbpedia.org/resource/Category:Films_about_nightmares-http://dbpedia.org/resource/Category:Films_about_religion-http://dbpedia.org/resource/Category:Films_about_telepathy-http://dbpedia.org/resource/Category:Films_directed_by_Patrick_Lussier-http://dbpedia.org/resource/Category:Films_produced_by_Joel_Soisson-http://dbpedia.org/resource/Category:Films_scored_by_Marco_Beltrami-http://dbpedia.org/resource/Category:Films_set_in_2000-http://dbpedia.org/resource/Category:Films_set_in_London-http://dbpedia.org/resource/Category:Films_set_in_New_Orleans-http://dbpedia.org/resource/Category:Films_shot_in_New_Orleans-http://dbpedia.org/resource/Category:Films_shot_in_Toronto-http://dbpedia.org/resource/Category:Films_with_screenplays_by_Ehren_Kruger-http://dbpedia.org/resource/Category:Films_with_screenplays_by_Joel_Soisson-http://dbpedia.org/resource/Category:Portrayals_of_Jesus_in_film-http://dbpedia.org/resource/Category:Reboot_films-http://dbpedia.org/resource/Category:Religious_horror_films-http://dbpedia.org/resource/Category:Resurrection_in_film,http://dbpedia.org/resource/Peter_Pau,Patrick Lussier,4.71E7,http://dbpedia.org/resource/Joel Soisson--http://dbpedia.org/resource/W.K. Border,English,,,,
Final Destination,http://dbpedia.org/resource/Category:2000_directorial_debut_films-http://dbpedia.org/resource/Category:2000_films-http://dbpedia.org/resource/Category:2000_horror_films-http://dbpedia.org/resource/Category:2000s_horror_thriller_films-http://dbpedia.org/resource/Category:2000s_teen_horror_films-http://dbpedia.org/resource/Category:American_aviation_films-http://dbpedia.org/resource/Category:American_films-http://dbpedia.org/resource/Category:American_horror_thriller_films-http://dbpedia.org/resource/Category:American_splatter_films-http://dbpedia.org/resource/Category:American_teen_horror_films-http://dbpedia.org/resource/Category:Films_about_aviation_accidents_or_incidents-http://dbpedia.org/resource/Category:Films_directed_by_James_Wong_(filmmaker)-http://dbpedia.org/resource/Category:Films_scored_by_Shirley_Walker-http://dbpedia.org/resource/Category:Films_set_in_2000-http://dbpedia.org/resource/Category:Films_set_in_New_York_City-http://dbpedia.org/resource/Category:Films_set_in_airports-http://dbpedia.org/resource/Category:Films_set_on_airplanes-http://dbpedia.org/resource/Category:Films_shot_in_San_Francisco-http://dbpedia.org/resource/Category:Films_shot_in_Toronto-http://dbpedia.org/resource/Category:Films_shot_in_Vancouver-http://dbpedia.org/resource/Category:Final_Destination_films-http://dbpedia.org/resource/Category:New_Line_Cinema_films,http://dbpedia.org/resource/Robert_McLachlan_(cinematographer),James Wong (filmmaker),1.129E8,http://dbpedia.org/resource/Glen Morgan,English,,,,
Faust: Love of the Damned,http://dbpedia.org/resource/Category:2000_films-http://dbpedia.org/resource/Category:2000_horror_films-http://dbpedia.org/resource/Category:2000s_superhero_films-http://dbpedia.org/resource/Category:Action_horror_films-http://dbpedia.org/resource/Category:Dark_fantasy_films-http://dbpedia.org/resource/Category:Demons_in_film-http://dbpedia.org/resource/Category:English-language_films-http://dbpedia.org/resource/Category:Films_about_Satanism-http://dbpedia.org/resource/Category:Films_about_rape-http://dbpedia.org/resource/Category:Films_based_on_American_comics-http://dbpedia.org/resource/Category:Films_directed_by_Brian_Yuzna-http://dbpedia.org/resource/Category:Films_shot_in_Barcelona-http://dbpedia.org/resource/Category:Live-action_films_based_on_comics-http://dbpedia.org/resource/Category:Spanish_action_films-http://dbpedia.org/resource/Category:Spanish_fantasy_films-http://dbpedia.org/resource/Category:Spanish_films-http://dbpedia.org/resource/Category:Spanish_films_about_revenge-http://dbpedia.org/resource/Category:Spanish_horror_films-http://dbpedia.org/resource/Category:Spanish_supernatural_horror_films-http://dbpedia.org/resource/Category:Spanish_vigilante_films-http://dbpedia.org/resource/Category:Splatter_films-http://dbpedia.org/resource/Category:Superhero_horror_films-http://dbpedia.org/resource/Category:Supervillain_films-http://dbpedia.org/resource/Category:Works_based_on_the_Faust_legend,http://dbpedia.org/resource/Jacques_Haitkin,Brian Yuzna,na,http://dbpedia.org/resource/Brian Yuzna,English,,,,
Hellraiser: Inferno,http://dbpedia.org/resource/Category:2000_direct-to-video_films-http://dbpedia.org/resource/Category:2000_directorial_debut_films-http://dbpedia.org/resource/Category:2000_films-http://dbpedia.org/resource/Category:2000_horror_films-http://dbpedia.org/resource/Category:American_direct-to-video_films-http://dbpedia.org/resource/Category:American_films-http://dbpedia.org/resource/Category:American_supernatural_horror_films-http://dbpedia.org/resource/Category:Dimension_Films_films-http://dbpedia.org/resource/Category:Direct-to-video_horror_films-http://dbpedia.org/resource/Category:Direct-to-video_interquel_films-http://dbpedia.org/resource/Category:Films_based_on_works_by_Clive_Barker-http://dbpedia.org/resource/Category:Films_directed_by_Scott_Derrickson-http://dbpedia.org/resource/Category:Hellraiser_films-http://dbpedia.org/resource/Category:Religious_horror_films,http://dbpedia.org/resource/Nathan_Hope,Scott Derrickson,na,http://dbpedia.org/resource/Joel Soisson--http://dbpedia.org/resource/W.K. Border,English,,,,
Versus,http://dbpedia.org/resource/Category:2000_films-http://dbpedia.org/resource/Category:2000_horror_films-http://dbpedia.org/resource/Category:2000s_action_thriller_films-http://dbpedia.org/resource/Category:2000s_exploitation_films-http://dbpedia.org/resource/Category:2000s_fantasy_films-http://dbpedia.org/resource/Category:Films_directed_by_Ryuhei_Kitamura-http://dbpedia.org/resource/Category:Japanese-language_films-http://dbpedia.org/resource/Category:Japanese_action_films-http://dbpedia.org/resource/Category:Japanese_action_horror_films-http://dbpedia.org/resource/Category:Japanese_films-http://dbpedia.org/resource/Category:Japanese_horror_films-http://dbpedia.org/resource/Category:Japanese_martial_arts_films-http://dbpedia.org/resource/Category:Japanese_zombie_films-http://dbpedia.org/resource/Category:Martial_arts_horror_films-http://dbpedia.org/resource/Category:Tokyo_Shock-http://dbpedia.org/resource/Category:Yakuza_films,na,Ryuhei Kitamura,na,,Japanese,,,,
Satan's School for Girls,http://dbpedia.org/resource/Category:2000_films-http://dbpedia.org/resource/Category:2000_horror_films-http://dbpedia.org/resource/Category:2000_television_films-http://dbpedia.org/resource/Category:American_film_remakes-http://dbpedia.org/resource/Category:American_films-http://dbpedia.org/resource/Category:American_horror_television_films-http://dbpedia.org/resource/Category:English-language_films-http://dbpedia.org/resource/Category:Films_about_witchcraft-http://dbpedia.org/resource/Category:Films_produced_by_Aaron_Spelling-http://dbpedia.org/resource/Category:Films_set_in_schools-http://dbpedia.org/resource/Category:Horror_film_remakes-http://dbpedia.org/resource/Category:Television_remakes_of_films,na,na,na,http://dbpedia.org/resource/Robert Berger (producer),English,,,,
Shark Attack 2,http://dbpedia.org/resource/Category:Direct-to-video_sequel_films-http://dbpedia.org/resource/Category:Films_about_shark_attacks-http://dbpedia.org/resource/Category:Films_about_sharks-http://dbpedia.org/resource/Category:Nu_Image_films-http://dbpedia.org/resource/Category:Shark_attacks_in_fiction,na,na,na,,English,,,,
Lost Souls,http://dbpedia.org/resource/Category:2000_directorial_debut_films-http://dbpedia.org/resource/Category:2000_films-http://dbpedia.org/resource/Category:2000_horror_films-http://dbpedia.org/resource/Category:2000s_thriller_films-http://dbpedia.org/resource/Category:American_films-http://dbpedia.org/resource/Category:American_supernatural_horror_films-http://dbpedia.org/resource/Category:Films_scored_by_Jan_A._P._Kaczmarek-http://dbpedia.org/resource/Category:Films_set_in_New_York_City-http://dbpedia.org/resource/Category:Religious_horror_films,http://dbpedia.org/resource/Mauro_Fiore,Janusz Kamiński,3.135591E7,http://dbpedia.org/resource/Meg Ryan,English,,,,
Ginger Snaps,http://dbpedia.org/resource/Category:2000_drama_films-http://dbpedia.org/resource/Category:2000_films-http://dbpedia.org/resource/Category:2000_horror_films-http://dbpedia.org/resource/Category:2000s_buddy_films-http://dbpedia.org/resource/Category:2000s_coming-of-age_films-http://dbpedia.org/resource/Category:2000s_female_buddy_films-http://dbpedia.org/resource/Category:2000s_feminist_films-http://dbpedia.org/resource/Category:2000s_high_school_films-http://dbpedia.org/resource/Category:2000s_teen_drama_films-http://dbpedia.org/resource/Category:2000s_teen_horror_films-http://dbpedia.org/resource/Category:Artisan_Entertainment_films-http://dbpedia.org/resource/Category:Canadian_body_horror_films-http://dbpedia.org/resource/Category:Canadian_coming-of-age_films-http://dbpedia.org/resource/Category:Canadian_films-http://dbpedia.org/resource/Category:Canadian_werewolf_films-http://dbpedia.org/resource/Category:English-language_films-http://dbpedia.org/resource/Category:Films_about_sisters-http://dbpedia.org/resource/Category:Films_directed_by_John_Fawcett-http://dbpedia.org/resource/Category:Films_set_in_Canada-http://dbpedia.org/resource/Category:Films_set_in_fictional_populated_places-http://dbpedia.org/resource/Category:Films_shot_in_Toronto-http://dbpedia.org/resource/Category:Ginger_Snaps_films-http://dbpedia.org/resource/Category:Goth_subculture-http://dbpedia.org/resource/Category:Halloween_horror_films-http://dbpedia.org/resource/Category:Horror_drama_films,na,John Fawcett (director),572781.0,http://dbpedia.org/resource/Steve Hoban,English,,,,
Shadow of the Vampire,http://dbpedia.org/resource/Category:2000_comedy_horror_films-http://dbpedia.org/resource/Category:2000_films-http://dbpedia.org/resource/Category:2000_horror_films-http://dbpedia.org/resource/Category:American_films-http://dbpedia.org/resource/Category:American_supernatural_horror_films-http://dbpedia.org/resource/Category:BBC_Film_films-http://dbpedia.org/resource/Category:Biographical_films_about_actors-http://dbpedia.org/resource/Category:British_comedy_films-http://dbpedia.org/resource/Category:British_films-http://dbpedia.org/resource/Category:British_supernatural_horror_films-http://dbpedia.org/resource/Category:Cultural_depictions_of_German_men-http://dbpedia.org/resource/Category:Cultural_depictions_of_actors-http://dbpedia.org/resource/Category:Cultural_depictions_of_film_directors-http://dbpedia.org/resource/Category:Dracula_films-http://dbpedia.org/resource/Category:English-language_films-http://dbpedia.org/resource/Category:F._W._Murnau-http://dbpedia.org/resource/Category:Films_about_filmmaking-http://dbpedia.org/resource/Category:Films_about_films-http://dbpedia.org/resource/Category:Films_about_snuff_films-http://dbpedia.org/resource/Category:Films_directed_by_E._Elias_Merhige-http://dbpedia.org/resource/Category:Films_produced_by_Nicolas_Cage-http://dbpedia.org/resource/Category:Films_set_in_1921-http://dbpedia.org/resource/Category:Films_set_in_Berlin-http://dbpedia.org/resource/Category:Films_set_in_Czechoslovakia-http://dbpedia.org/resource/Category:Films_set_in_Poland-http://dbpedia.org/resource/Category:Films_set_in_Slovakia-http://dbpedia.org/resource/Category:Films_set_in_castles-http://dbpedia.org/resource/Category:Films_shot_in_Luxembourg-http://dbpedia.org/resource/Category:German-language_films-http://dbpedia.org/resource/Category:Gothic_horror_films-http://dbpedia.org/resource/Category:Lionsgate_films-http://dbpedia.org/resource/Category:Luxembourgian_LGBT-related_films-http://dbpedia.org/resource/Category:Luxembourgian_films-http://dbpedia.org/resource/Category:Luxembourgian_horror_films-http://dbpedia.org/resource/Category:Luxembourgish-language_films-http://dbpedia.org/resource/Category:Nosferatu-http://dbpedia.org/resource/Category:Period_horror_films-http://dbpedia.org/resource/Category:Saturn_Films_films-http://dbpedia.org/resource/Category:Vampires_in_film,na,E. Elias Merhige,1.12E7,,German,,,,
Shadow of the Vampire,http://dbpedia.org/resource/Category:2000_comedy_horror_films-http://dbpedia.org/resource/Category:2000_films-http://dbpedia.org/resource/Category:2000_horror_films-http://dbpedia.org/resource/Category:American_films-http://dbpedia.org/resource/Category:American_multilingual_films-http://dbpedia.org/resource/Category:American_supernatural_horror_films-http://dbpedia.org/resource/Category:BBC_Film_films-http://dbpedia.org/resource/Category:British_comedy_films-http://dbpedia.org/resource/Category:British_films-http://dbpedia.org/resource/Category:British_supernatural_horror_films-http://dbpedia.org/resource/Category:Cultural_depictions_of_German_men-http://dbpedia.org/resource/Category:Cultural_depictions_of_actors-http://dbpedia.org/resource/Category:English-language_films-http://dbpedia.org/resource/Category:Films_based_on_urban_legends-http://dbpedia.org/resource/Category:Films_set_in_Berlin-http://dbpedia.org/resource/Category:German-language_films-http://dbpedia.org/resource/Category:Gothic_horror_films-http://dbpedia.org/resource/Category:Lionsgate_films-http://dbpedia.org/resource/Category:Luxembourgian_films-http://dbpedia.org/resource/Category:Nosferatu,na,E. Elias Merhige,1.12E7,,Luxembourgish,,,,
Cabin by the Lake,http://dbpedia.org/resource/Category:2000_films-http://dbpedia.org/resource/Category:2000_horror_films-http://dbpedia.org/resource/Category:2000_television_films-http://dbpedia.org/resource/Category:American_films-http://dbpedia.org/resource/Category:American_serial_killer_films-http://dbpedia.org/resource/Category:American_slasher_films-http://dbpedia.org/resource/Category:English-language_films-http://dbpedia.org/resource/Category:Films_about_screenwriters-http://dbpedia.org/resource/Category:Films_about_writers-http://dbpedia.org/resource/Category:Films_scored_by_Daniel_Licht-http://dbpedia.org/resource/Category:Original_Film_films-http://dbpedia.org/resource/Category:USA_Network_original_films,na,Po-Chih Leong,na,http://dbpedia.org/resource/John V. Stuckmeyer--http://dbpedia.org/resource/Judith Craig Marlin,English,,,,
The Prophecy 3: The Ascent,http://dbpedia.org/resource/Category:2000_films-http://dbpedia.org/resource/Category:2000_horror_films-http://dbpedia.org/resource/Category:American_films-http://dbpedia.org/resource/Category:American_supernatural_horror_films-http://dbpedia.org/resource/Category:Dimension_Films_films-http://dbpedia.org/resource/Category:Direct-to-video_sequel_films-http://dbpedia.org/resource/Category:English-language_films-http://dbpedia.org/resource/Category:Films_directed_by_Patrick_Lussier-http://dbpedia.org/resource/Category:Films_produced_by_Joel_Soisson-http://dbpedia.org/resource/Category:Films_with_screenplays_by_Joel_Soisson-http://dbpedia.org/resource/Category:The_Prophecy_(film_series),na,Patrick Lussier,na,http://dbpedia.org/resource/Joel Soisson--http://dbpedia.org/resource/W. K. Border,English,,,,
Subconscious Cruelty,http://dbpedia.org/resource/Category:2000_films-http://dbpedia.org/resource/Category:2000_horror_films-http://dbpedia.org/resource/Category:2000s_avant-garde_and_experimental_films-http://dbpedia.org/resource/Category:Canadian_avant-garde_and_experimental_films-http://dbpedia.org/resource/Category:Canadian_films-http://dbpedia.org/resource/Category:Canadian_horror_films-http://dbpedia.org/resource/Category:Canadian_independent_films-http://dbpedia.org/resource/Category:Incest_in_film,na,Karim Hussain,na,http://dbpedia.org/resource/Mitch Davis (film producer),English,,,,
Python,http://dbpedia.org/resource/Category:2000_films-http://dbpedia.org/resource/Category:2000_horror_films-http://dbpedia.org/resource/Category:2000_television_films-http://dbpedia.org/resource/Category:American_films-http://dbpedia.org/resource/Category:American_natural_horror_films-http://dbpedia.org/resource/Category:English-language_films-http://dbpedia.org/resource/Category:Films_about_snakes-http://dbpedia.org/resource/Category:Horror_television_films-http://dbpedia.org/resource/Category:Syfy_original_films,na,na,na,http://dbpedia.org/resource/Ken Olandt--http://dbpedia.org/resource/Phillip J. Roth,English,,,,
" but is confounded each time by his honesty which compels him to tell the grisly stories associated with each house he shows the couple.""",http://dbpedia.org/resource/Allison_Smith_(actress)--http://dbpedia.org/resource/Brenda_Strong--http://dbpedia.org/resource/Bryan_Cranston--http://dbpedia.org/resource/Carmine_Giovinazzo--http://dbpedia.org/resource/David_DeLuise--http://dbpedia.org/resource/John_Ritter--http://dbpedia.org/resource/Rachel_York--http://dbpedia.org/resource/Will_Estes,Terror Tract,Category:2000 comedy films-Category:2000 comedy horror films-Category:2000 horror films-Category:2000 psychological thriller films-Category:2000 television films,na,na,na,Steven G. Kaplan,English,Steven G. Kaplan,
Malcolm Miller--Melissa Georgiou--Paul Douglas,Cthulhu,http://dbpedia.org/resource/Category:2000_films-http://dbpedia.org/resource/Category:2000_horror_films-http://dbpedia.org/resource/Category:Australian_films-http://dbpedia.org/resource/Category:Australian_horror_films-http://dbpedia.org/resource/Category:Cthulhu_Mythos_films-http://dbpedia.org/resource/Category:English-language_films-http://dbpedia.org/resource/Category:Films_based_on_multiple_works-http://dbpedia.org/resource/Category:Films_based_on_works_by_H._P._Lovecraft-http://dbpedia.org/resource/Category:Works_based_on_The_Shadow_over_Innsmouth,na,na,na,,English language,,English language,
Bloody Murder,http://dbpedia.org/resource/Category:American_police_films-http://dbpedia.org/resource/Category:American_teen_horror_films-http://dbpedia.org/resource/Category:Films_set_in_forests,na,na,na,,English,,,,
" with paintings by H. R. Giger and a plot that had been called Hellraiser in outer space."" Jack Sholder was hired for substantial uncredited reshoots", and Francis Ford Coppola was brought in for editing purposes. Various sources suggest that little of Hill's work remains in the theatrical cut of the film. The film shares several plot similarities with the film Event Horizon," released in 19""",--Angela Bassett--James Spader--Lou Diamond Phillips--Peter Facinelli--Robert Forster--Robin Tunney--Wilson Cruz,Supernova,2000 films-2000 horror films-2000s science fiction horror films-2000s thriller films-American films-American science fiction horror films-American space adventure films-American thriller films-English-language films-Fiction about supernovae-Films directed by Alan Smithee-Films directed by Walter Hill-Films set in the 22nd century-Metro-Goldwyn-Mayer films-Swiss films-Swiss horror films,Lloyd Ahern II,Jack Sholder,1.48E7,Jack Sholder,English
Shadow of the Vampire,http://dbpedia.org/resource/Category:Biographical_films_about_actors-http://dbpedia.org/resource/Category:Cultural_depictions_of_actors-http://dbpedia.org/resource/Category:Cultural_depictions_of_film_directors-http://dbpedia.org/resource/Category:Dracula_films-http://dbpedia.org/resource/Category:F._W._Murnau-http://dbpedia.org/resource/Category:Films_about_filmmaking-http://dbpedia.org/resource/Category:Films_about_films-http://dbpedia.org/resource/Category:Films_about_snuff_films-http://dbpedia.org/resource/Category:Films_directed_by_E._Elias_Merhige-http://dbpedia.org/resource/Category:Films_produced_by_Nicolas_Cage-http://dbpedia.org/resource/Category:Films_set_in_1921-http://dbpedia.org/resource/Category:Films_set_in_Czechoslovakia-http://dbpedia.org/resource/Category:Films_set_in_Poland-http://dbpedia.org/resource/Category:Films_set_in_Slovakia-http://dbpedia.org/resource/Category:Films_set_in_castles-http://dbpedia.org/resource/Category:Films_shot_in_Luxembourg-http://dbpedia.org/resource/Category:Luxembourgian_LGBT-related_films-http://dbpedia.org/resource/Category:Luxembourgian_horror_films-http://dbpedia.org/resource/Category:Luxembourgish-language_films-http://dbpedia.org/resource/Category:Period_horror_films-http://dbpedia.org/resource/Category:Saturn_Films_films-http://dbpedia.org/resource/Category:Vampires_in_film,na,E. Elias Merhige,1.12E7,,Luxembourgish,,,,
Attack of the Killer Hog,http://dbpedia.org/resource/Category:2000_films-http://dbpedia.org/resource/Category:2000_horror_films-http://dbpedia.org/resource/Category:Argentine_films-http://dbpedia.org/resource/Category:Argentine_horror_films-http://dbpedia.org/resource/Category:German-language_films-http://dbpedia.org/resource/Category:Spanish-language_films,http://dbpedia.org/resource/Fernando_Zago,Agustín Cavalieri,na,http://dbpedia.org/resource/Agustín Cavalieri,Spanish,,,,
Junk,http://dbpedia.org/resource/Category:2000_films-http://dbpedia.org/resource/Category:2000_horror_films-http://dbpedia.org/resource/Category:2000s_crime_films-http://dbpedia.org/resource/Category:Crime_horror_films-http://dbpedia.org/resource/Category:Films_about_zombies-http://dbpedia.org/resource/Category:Japanese_films-http://dbpedia.org/resource/Category:Japanese_horror_films-http://dbpedia.org/resource/Category:Yakuza_films,na,Atsushi Muroga,na,http://dbpedia.org/resource/Isao Kurosu,Japanese,,,,
Blood,http://dbpedia.org/resource/Category:2000_films-http://dbpedia.org/resource/Category:2000_horror_films-http://dbpedia.org/resource/Category:British_films-http://dbpedia.org/resource/Category:British_horror_films-http://dbpedia.org/resource/Category:English-language_films-http://dbpedia.org/resource/Category:Films_shot_in_England,na,Charly Cantor,na,http://dbpedia.org/resource/Simon Markham,English,,,,
Voodoo Academy,http://dbpedia.org/resource/Category:2000_films-http://dbpedia.org/resource/Category:2000_horror_films-http://dbpedia.org/resource/Category:American_films-http://dbpedia.org/resource/Category:American_independent_films-http://dbpedia.org/resource/Category:American_supernatural_horror_films-http://dbpedia.org/resource/Category:English-language_films-http://dbpedia.org/resource/Category:Fiction_about_size_change-http://dbpedia.org/resource/Category:Films_about_Voodoo-http://dbpedia.org/resource/Category:Films_directed_by_David_DeCoteau,na,David DeCoteau,na,http://dbpedia.org/resource/Charles Band--http://dbpedia.org/resource/Kirk Edward Hansen,English,,,,
Island of the Dead,http://dbpedia.org/resource/Category:2000_films-http://dbpedia.org/resource/Category:2000_horror_films-http://dbpedia.org/resource/Category:Canadian_films-http://dbpedia.org/resource/Category:Canadian_natural_horror_films-http://dbpedia.org/resource/Category:English-language_films-http://dbpedia.org/resource/Category:Films_shot_in_Montreal-http://dbpedia.org/resource/Category:Films_with_screenplays_by_Peter_Koper,na,Tim Southam,na,http://dbpedia.org/resource/Peter Koper,English,,,,
Meat Market,http://dbpedia.org/resource/Category:2000_directorial_debut_films-http://dbpedia.org/resource/Category:2000_films-http://dbpedia.org/resource/Category:2000_horror_films-http://dbpedia.org/resource/Category:Camcorder_films-http://dbpedia.org/resource/Category:Canadian_films-http://dbpedia.org/resource/Category:Canadian_independent_films-http://dbpedia.org/resource/Category:Canadian_science_fiction_horror_films-http://dbpedia.org/resource/Category:Canadian_vampire_films-http://dbpedia.org/resource/Category:Canadian_zombie_films-http://dbpedia.org/resource/Category:English-language_films-http://dbpedia.org/resource/Category:Films_directed_by_Brian_Clement,na,Brian Clement,na,,English,,,,
Indriyam,http://dbpedia.org/resource/Category:2000_films-http://dbpedia.org/resource/Category:2000_horror_films-http://dbpedia.org/resource/Category:2000s_Malayalam-language_films-http://dbpedia.org/resource/Category:Indian_films-http://dbpedia.org/resource/Category:Indian_horror_films,na,na,na,,Malayalam language,,,,
American Psycho,http://dbpedia.org/resource/Category:2000_drama_films-http://dbpedia.org/resource/Category:2000_horror_films-http://dbpedia.org/resource/Category:2000s_black_comedy_films-http://dbpedia.org/resource/Category:2000s_crime_comedy-drama_films-http://dbpedia.org/resource/Category:2000s_serial_killer_films-http://dbpedia.org/resource/Category:American_Psycho-http://dbpedia.org/resource/Category:American_business_films-http://dbpedia.org/resource/Category:American_crime_comedy-drama_films-http://dbpedia.org/resource/Category:American_horror_thriller_films-http://dbpedia.org/resource/Category:American_serial_killer_films-http://dbpedia.org/resource/Category:BDSM_in_films-http://dbpedia.org/resource/Category:Columbia_Pictures_films-http://dbpedia.org/resource/Category:English-language_films-http://dbpedia.org/resource/Category:Fiction_with_unreliable_narrators-http://dbpedia.org/resource/Category:Films_about_businesspeople-http://dbpedia.org/resource/Category:Films_about_narcissism-http://dbpedia.org/resource/Category:Films_about_psychopaths-http://dbpedia.org/resource/Category:Films_about_the_upper_class-http://dbpedia.org/resource/Category:Films_based_on_American_horror_novels-http://dbpedia.org/resource/Category:Films_based_on_works_by_Bret_Easton_Ellis-http://dbpedia.org/resource/Category:Films_directed_by_Mary_Harron-http://dbpedia.org/resource/Category:Films_scored_by_John_Cale-http://dbpedia.org/resource/Category:Films_set_in_1987-http://dbpedia.org/resource/Category:Films_set_in_New_York_City-http://dbpedia.org/resource/Category:Films_set_in_apartment_buildings-http://dbpedia.org/resource/Category:Films_set_in_the_1980s-http://dbpedia.org/resource/Category:Films_shot_in_New_York_City-http://dbpedia.org/resource/Category:Films_shot_in_Toronto-http://dbpedia.org/resource/Category:Lionsgate_films-http://dbpedia.org/resource/Category:Postmodern_films-http://dbpedia.org/resource/Category:Wall_Street_films,http://dbpedia.org/resource/Andrzej_Sekuła,Mary Harron,3.43E7,http://dbpedia.org/resource/Chris Hanley--http://dbpedia.org/resource/Edward R. Pressman,English,,,,
The Complete Original Motion Picture Score,http://dbpedia.org/resource/Category:2000_directorial_debut_films-http://dbpedia.org/resource/Category:2000_films-http://dbpedia.org/resource/Category:2000_horror_films-http://dbpedia.org/resource/Category:2000s_horror_thriller_films-http://dbpedia.org/resource/Category:2000s_teen_horror_films-http://dbpedia.org/resource/Category:American_aviation_films-http://dbpedia.org/resource/Category:American_films-http://dbpedia.org/resource/Category:American_horror_thriller_films-http://dbpedia.org/resource/Category:American_splatter_films-http://dbpedia.org/resource/Category:American_teen_horror_films-http://dbpedia.org/resource/Category:Films_about_aviation_accidents_or_incidents-http://dbpedia.org/resource/Category:Films_directed_by_James_Wong_(filmmaker)-http://dbpedia.org/resource/Category:Films_scored_by_Shirley_Walker-http://dbpedia.org/resource/Category:Films_set_in_2000-http://dbpedia.org/resource/Category:Films_set_in_New_York_City-http://dbpedia.org/resource/Category:Films_set_in_airports-http://dbpedia.org/resource/Category:Films_set_on_airplanes-http://dbpedia.org/resource/Category:Films_shot_in_San_Francisco-http://dbpedia.org/resource/Category:Films_shot_in_Toronto-http://dbpedia.org/resource/Category:Films_shot_in_Vancouver-http://dbpedia.org/resource/Category:Final_Destination_films-http://dbpedia.org/resource/Category:New_Line_Cinema_films,http://dbpedia.org/resource/Robert_McLachlan_(cinematographer),James Wong (filmmaker),1.129E8,http://dbpedia.org/resource/Glen Morgan,English,,,,
Blair Witch 2: Book Of Shadows,http://dbpedia.org/resource/Category:2000_films-http://dbpedia.org/resource/Category:2000_horror_films-http://dbpedia.org/resource/Category:2000s_psychological_horror_films-http://dbpedia.org/resource/Category:American_films-http://dbpedia.org/resource/Category:American_horror_thriller_films-http://dbpedia.org/resource/Category:American_psychological_horror_films-http://dbpedia.org/resource/Category:American_sequel_films-http://dbpedia.org/resource/Category:American_supernatural_horror_films-http://dbpedia.org/resource/Category:Artisan_Entertainment_films-http://dbpedia.org/resource/Category:Blair_Witch_(franchise)-http://dbpedia.org/resource/Category:Films_about_Wicca-http://dbpedia.org/resource/Category:Films_about_films-http://dbpedia.org/resource/Category:Films_about_witchcraft-http://dbpedia.org/resource/Category:Films_based_on_urban_legends-http://dbpedia.org/resource/Category:Films_directed_by_Joe_Berlinger-http://dbpedia.org/resource/Category:Films_scored_by_Carter_Burwell-http://dbpedia.org/resource/Category:Films_set_in_1998-http://dbpedia.org/resource/Category:Films_set_in_1999-http://dbpedia.org/resource/Category:Films_set_in_Maryland-http://dbpedia.org/resource/Category:Films_shot_in_Baltimore-http://dbpedia.org/resource/Category:Films_shot_in_Maryland-http://dbpedia.org/resource/Category:Films_shot_in_New_York_City-http://dbpedia.org/resource/Category:Films_with_screenplays_by_Joe_Berlinger-http://dbpedia.org/resource/Category:Haxan_Films_films-http://dbpedia.org/resource/Category:Lionsgate_films,http://dbpedia.org/resource/Nancy_Schreiber,Joe Berlinger,4.77E7,,English,,,,
Faust: Love of the Damned: Music from and Inspired by the Original Motion Picture Soundtrack,http://dbpedia.org/resource/Category:2000_films-http://dbpedia.org/resource/Category:2000_horror_films-http://dbpedia.org/resource/Category:2000s_superhero_films-http://dbpedia.org/resource/Category:Action_horror_films-http://dbpedia.org/resource/Category:Dark_fantasy_films-http://dbpedia.org/resource/Category:Demons_in_film-http://dbpedia.org/resource/Category:English-language_films-http://dbpedia.org/resource/Category:Films_about_Satanism-http://dbpedia.org/resource/Category:Films_about_rape-http://dbpedia.org/resource/Category:Films_based_on_American_comics-http://dbpedia.org/resource/Category:Films_directed_by_Brian_Yuzna-http://dbpedia.org/resource/Category:Films_shot_in_Barcelona-http://dbpedia.org/resource/Category:Live-action_films_based_on_comics-http://dbpedia.org/resource/Category:Spanish_action_films-http://dbpedia.org/resource/Category:Spanish_fantasy_films-http://dbpedia.org/resource/Category:Spanish_films-http://dbpedia.org/resource/Category:Spanish_films_about_revenge-http://dbpedia.org/resource/Category:Spanish_horror_films-http://dbpedia.org/resource/Category:Spanish_supernatural_horror_films-http://dbpedia.org/resource/Category:Spanish_vigilante_films-http://dbpedia.org/resource/Category:Splatter_films-http://dbpedia.org/resource/Category:Superhero_horror_films-http://dbpedia.org/resource/Category:Supervillain_films-http://dbpedia.org/resource/Category:Works_based_on_the_Faust_legend,http://dbpedia.org/resource/Jacques_Haitkin,Brian Yuzna,na,http://dbpedia.org/resource/Brian Yuzna,English,,,,
Devadoothan,http://dbpedia.org/resource/Category:2000_films-http://dbpedia.org/resource/Category:2000_horror_films-http://dbpedia.org/resource/Category:2000s_Malayalam-language_films-http://dbpedia.org/resource/Category:2000s_horror_thriller_films-http://dbpedia.org/resource/Category:2000s_mystery_thriller_films-http://dbpedia.org/resource/Category:2000s_romantic_musical_films-http://dbpedia.org/resource/Category:Films_directed_by_Sibi_Malayil-http://dbpedia.org/resource/Category:Films_scored_by_Vidyasagar-http://dbpedia.org/resource/Category:Indian_films-http://dbpedia.org/resource/Category:Indian_horror_thriller_films-http://dbpedia.org/resource/Category:Indian_mystery_thriller_films-http://dbpedia.org/resource/Category:Indian_romantic_horror_films-http://dbpedia.org/resource/Category:Indian_romantic_musical_films,http://dbpedia.org/resource/Santosh_Thundiyil,Sibi Malayil,na,,Malayalam,,,,
The Crow: Salvation,http://dbpedia.org/resource/Category:American_crime_action_films-http://dbpedia.org/resource/Category:Films_about_grieving,na,Bharat Nalluri,na,http://dbpedia.org/resource/Jeff Most,English,,,,
Bruiser,http://dbpedia.org/resource/Category:2000_films-http://dbpedia.org/resource/Category:2000_horror_films-http://dbpedia.org/resource/Category:2000_independent_films-http://dbpedia.org/resource/Category:2000_psychological_thriller_films-http://dbpedia.org/resource/Category:English-language_French_films-http://dbpedia.org/resource/Category:English-language_films-http://dbpedia.org/resource/Category:Films_directed_by_George_A._Romero-http://dbpedia.org/resource/Category:Films_shot_in_Toronto-http://dbpedia.org/resource/Category:French_films-http://dbpedia.org/resource/Category:French_independent_films-http://dbpedia.org/resource/Category:French_psychological_thriller_films-http://dbpedia.org/resource/Category:Spanish-language_films-http://dbpedia.org/resource/Category:StudioCanal_films,na,George A. Romero,na,http://dbpedia.org/resource/Ben Barenholtz--http://dbpedia.org/resource/Peter Grunwald,Spanish,,,,
 , Hinako Saeki and Shin Eun-kyung. The film takes place in a town plagued by a mysterious curse involving spirals. As the film was produced while the manga was still being written and released," it departs from the story of the original work and features a different ending.""",--Eriko Hatsune--Fhi Fan--Hinako Saeki--Shin Eun-kyung,Uzumaki,2000 films-2000 horror films-Discotek Media-Japanese films-Japanese supernatural horror films-Live-action films based on manga,na,Higuchinsky,na,Higuchinsky,Japanese
The Flying Dutchman,http://dbpedia.org/resource/Category:2000_films-http://dbpedia.org/resource/Category:2000_horror_films-http://dbpedia.org/resource/Category:American_action_horror_films-http://dbpedia.org/resource/Category:English-language_films,na,na,na,,English,,,,
In the Light of the Moon,http://dbpedia.org/resource/Category:2000_films-http://dbpedia.org/resource/Category:2000_horror_films-http://dbpedia.org/resource/Category:2000_independent_films-http://dbpedia.org/resource/Category:2000s_biographical_films-http://dbpedia.org/resource/Category:2000s_crime_films-http://dbpedia.org/resource/Category:2000s_psychological_horror_films-http://dbpedia.org/resource/Category:2000s_serial_killer_films-http://dbpedia.org/resource/Category:American_biographical_films-http://dbpedia.org/resource/Category:American_crime_films-http://dbpedia.org/resource/Category:American_exploitation_films-http://dbpedia.org/resource/Category:American_films-http://dbpedia.org/resource/Category:American_independent_films-http://dbpedia.org/resource/Category:American_nonlinear_narrative_films-http://dbpedia.org/resource/Category:American_psychological_horror_films-http://dbpedia.org/resource/Category:American_serial_killer_films-http://dbpedia.org/resource/Category:Biographical_films_about_serial_killers-http://dbpedia.org/resource/Category:Crime_films_based_on_actual_events-http://dbpedia.org/resource/Category:Cultural_depictions_of_Ed_Gein-http://dbpedia.org/resource/Category:English-language_films-http://dbpedia.org/resource/Category:Films_about_alcoholism-http://dbpedia.org/resource/Category:Films_about_child_abuse-http://dbpedia.org/resource/Category:Films_about_domestic_violence-http://dbpedia.org/resource/Category:Films_about_dysfunctional_families-http://dbpedia.org/resource/Category:Films_about_kidnapping-http://dbpedia.org/resource/Category:Films_about_religion-http://dbpedia.org/resource/Category:Films_about_widowhood-http://dbpedia.org/resource/Category:Films_set_in_1916-http://dbpedia.org/resource/Category:Films_set_in_1922-http://dbpedia.org/resource/Category:Films_set_in_1940-http://dbpedia.org/resource/Category:Films_set_in_1944-http://dbpedia.org/resource/Category:Films_set_in_1945-http://dbpedia.org/resource/Category:Films_set_in_1954-http://dbpedia.org/resource/Category:Films_set_in_1955-http://dbpedia.org/resource/Category:Films_set_in_1956-http://dbpedia.org/resource/Category:Films_set_in_1957-http://dbpedia.org/resource/Category:Films_set_in_Wisconsin-http://dbpedia.org/resource/Category:Films_set_in_psychiatric_hospitals-http://dbpedia.org/resource/Category:Films_shot_in_California-http://dbpedia.org/resource/Category:Films_shot_in_Los_Angeles-http://dbpedia.org/resource/Category:Fratricide_in_fiction-http://dbpedia.org/resource/Category:Horror_films_based_on_actual_events-http://dbpedia.org/resource/Category:Mental_illness_in_films-http://dbpedia.org/resource/Category:Religious_horror_films,na,na,na,,English,,,,
What Lies Beneath,http://dbpedia.org/resource/Category:2000_films-http://dbpedia.org/resource/Category:2000_horror_films-http://dbpedia.org/resource/Category:2000_psychological_thriller_films-http://dbpedia.org/resource/Category:2000_thriller_drama_films-http://dbpedia.org/resource/Category:2000_thriller_films-http://dbpedia.org/resource/Category:2000s_ghost_films-http://dbpedia.org/resource/Category:2000s_psychological_horror_films-http://dbpedia.org/resource/Category:2000s_supernatural_films-http://dbpedia.org/resource/Category:20th_Century_Fox_films-http://dbpedia.org/resource/Category:Adultery_in_films-http://dbpedia.org/resource/Category:American_films-http://dbpedia.org/resource/Category:American_ghost_films-http://dbpedia.org/resource/Category:American_haunted_house_films-http://dbpedia.org/resource/Category:American_psychological_horror_films-http://dbpedia.org/resource/Category:American_supernatural_horror_films-http://dbpedia.org/resource/Category:American_thriller_drama_films-http://dbpedia.org/resource/Category:DreamWorks_Pictures_films-http://dbpedia.org/resource/Category:English-language_films-http://dbpedia.org/resource/Category:Films_about_amnesia-http://dbpedia.org/resource/Category:Films_directed_by_Robert_Zemeckis-http://dbpedia.org/resource/Category:Films_scored_by_Alan_Silvestri-http://dbpedia.org/resource/Category:Films_set_in_Vermont-http://dbpedia.org/resource/Category:Films_shot_in_Vermont-http://dbpedia.org/resource/Category:ImageMovers_films,http://dbpedia.org/resource/Don_Burgess_(cinematographer),Robert Zemeckis,2.914E8,http://dbpedia.org/resource/Jack Rapke--http://dbpedia.org/resource/Robert Zemeckis--http://dbpedia.org/resource/Steve Starkey,English,,,,
Book of Shadows: Blair Witch 2,http://dbpedia.org/resource/Category:2000_films-http://dbpedia.org/resource/Category:2000_horror_films-http://dbpedia.org/resource/Category:2000s_psychological_horror_films-http://dbpedia.org/resource/Category:American_films-http://dbpedia.org/resource/Category:American_horror_thriller_films-http://dbpedia.org/resource/Category:American_psychological_horror_films-http://dbpedia.org/resource/Category:American_sequel_films-http://dbpedia.org/resource/Category:American_supernatural_horror_films-http://dbpedia.org/resource/Category:Artisan_Entertainment_films-http://dbpedia.org/resource/Category:Blair_Witch_(franchise)-http://dbpedia.org/resource/Category:Films_about_Wicca-http://dbpedia.org/resource/Category:Films_about_films-http://dbpedia.org/resource/Category:Films_about_witchcraft-http://dbpedia.org/resource/Category:Films_based_on_urban_legends-http://dbpedia.org/resource/Category:Films_directed_by_Joe_Berlinger-http://dbpedia.org/resource/Category:Films_scored_by_Carter_Burwell-http://dbpedia.org/resource/Category:Films_set_in_1998-http://dbpedia.org/resource/Category:Films_set_in_1999-http://dbpedia.org/resource/Category:Films_set_in_Maryland-http://dbpedia.org/resource/Category:Films_shot_in_Baltimore-http://dbpedia.org/resource/Category:Films_shot_in_Maryland-http://dbpedia.org/resource/Category:Films_shot_in_New_York_City-http://dbpedia.org/resource/Category:Films_with_screenplays_by_Joe_Berlinger-http://dbpedia.org/resource/Category:Haxan_Films_films-http://dbpedia.org/resource/Category:Lionsgate_films,http://dbpedia.org/resource/Nancy_Schreiber,Joe Berlinger,4.77E7,,English,,,,
Urban Legends: Final Cut,http://dbpedia.org/resource/Category:2000_directorial_debut_films-http://dbpedia.org/resource/Category:2000_films-http://dbpedia.org/resource/Category:2000_horror_films-http://dbpedia.org/resource/Category:2000s_slasher_films-http://dbpedia.org/resource/Category:2000s_teen_horror_films-http://dbpedia.org/resource/Category:American_films-http://dbpedia.org/resource/Category:American_horror_thriller_films-http://dbpedia.org/resource/Category:American_mystery_films-http://dbpedia.org/resource/Category:American_sequel_films-http://dbpedia.org/resource/Category:American_slasher_films-http://dbpedia.org/resource/Category:American_teen_horror_films-http://dbpedia.org/resource/Category:Canadian_films-http://dbpedia.org/resource/Category:Canadian_horror_films-http://dbpedia.org/resource/Category:Canadian_slasher_films-http://dbpedia.org/resource/Category:Columbia_Pictures_films-http://dbpedia.org/resource/Category:English-language_films-http://dbpedia.org/resource/Category:Films_about_filmmaking-http://dbpedia.org/resource/Category:Films_based_on_urban_legends-http://dbpedia.org/resource/Category:Films_directed_by_John_Ottman-http://dbpedia.org/resource/Category:Films_scored_by_John_Ottman-http://dbpedia.org/resource/Category:Films_set_in_universities_and_colleges-http://dbpedia.org/resource/Category:Films_shot_in_Los_Angeles-http://dbpedia.org/resource/Category:Films_shot_in_Toronto-http://dbpedia.org/resource/Category:Mass_murder_in_fiction-http://dbpedia.org/resource/Category:Mystery_horror_films-http://dbpedia.org/resource/Category:Original_Film_films-http://dbpedia.org/resource/Category:Phoenix_Pictures_films-http://dbpedia.org/resource/Category:Self-reflexive_films-http://dbpedia.org/resource/Category:Snuff_films_in_fiction,na,John Ottman,3.86E7,http://dbpedia.org/resource/Gina Matthews--http://dbpedia.org/resource/Neal H. Moritz,English,,,,
The Gift,http://dbpedia.org/resource/Category:2000_drama_films-http://dbpedia.org/resource/Category:2000_films-http://dbpedia.org/resource/Category:2000_horror_films-http://dbpedia.org/resource/Category:2000_thriller_drama_films-http://dbpedia.org/resource/Category:2000s_mystery_thriller_films-http://dbpedia.org/resource/Category:American_films-http://dbpedia.org/resource/Category:American_horror_thriller_films-http://dbpedia.org/resource/Category:American_mystery_thriller_films-http://dbpedia.org/resource/Category:American_supernatural_horror_films,na,Sam Raimi,4.46E7,http://dbpedia.org/resource/Tom Rosenberg,English,,,,
Shadow of the Vampire,http://dbpedia.org/resource/Category:2000_comedy_horror_films-http://dbpedia.org/resource/Category:2000_films-http://dbpedia.org/resource/Category:2000_horror_films-http://dbpedia.org/resource/Category:American_films-http://dbpedia.org/resource/Category:American_supernatural_horror_films-http://dbpedia.org/resource/Category:BBC_Film_films-http://dbpedia.org/resource/Category:Biographical_films_about_actors-http://dbpedia.org/resource/Category:British_comedy_films-http://dbpedia.org/resource/Category:British_films-http://dbpedia.org/resource/Category:British_supernatural_horror_films-http://dbpedia.org/resource/Category:Cultural_depictions_of_German_men-http://dbpedia.org/resource/Category:Cultural_depictions_of_actors-http://dbpedia.org/resource/Category:Cultural_depictions_of_film_directors-http://dbpedia.org/resource/Category:Dracula_films-http://dbpedia.org/resource/Category:English-language_films-http://dbpedia.org/resource/Category:F._W._Murnau-http://dbpedia.org/resource/Category:Films_about_filmmaking-http://dbpedia.org/resource/Category:Films_about_films-http://dbpedia.org/resource/Category:Films_about_snuff_films-http://dbpedia.org/resource/Category:Films_directed_by_E._Elias_Merhige-http://dbpedia.org/resource/Category:Films_produced_by_Nicolas_Cage-http://dbpedia.org/resource/Category:Films_set_in_1921-http://dbpedia.org/resource/Category:Films_set_in_Berlin-http://dbpedia.org/resource/Category:Films_set_in_Czechoslovakia-http://dbpedia.org/resource/Category:Films_set_in_Poland-http://dbpedia.org/resource/Category:Films_set_in_Slovakia-http://dbpedia.org/resource/Category:Films_set_in_castles-http://dbpedia.org/resource/Category:Films_shot_in_Luxembourg-http://dbpedia.org/resource/Category:German-language_films-http://dbpedia.org/resource/Category:Gothic_horror_films-http://dbpedia.org/resource/Category:Lionsgate_films-http://dbpedia.org/resource/Category:Luxembourgian_LGBT-related_films-http://dbpedia.org/resource/Category:Luxembourgian_films-http://dbpedia.org/resource/Category:Luxembourgian_horror_films-http://dbpedia.org/resource/Category:Luxembourgish-language_films-http://dbpedia.org/resource/Category:Period_horror_films-http://dbpedia.org/resource/Category:Saturn_Films_films-http://dbpedia.org/resource/Category:Vampires_in_film,na,E. Elias Merhige,1.12E7,,English,,,,
The Dead Hate the Living!,http://dbpedia.org/resource/Category:2000_films-http://dbpedia.org/resource/Category:2000_horror_films-http://dbpedia.org/resource/Category:American_films-http://dbpedia.org/resource/Category:American_zombie_films,http://dbpedia.org/resource/Thomas_L._Callaway,Dave Parker (director),na,http://dbpedia.org/resource/Charles Band--http://dbpedia.org/resource/Dana Scanlan,English,,,,
Zalzalaa,http://dbpedia.org/resource/Category:2000_films-http://dbpedia.org/resource/Category:2000_horror_films-http://dbpedia.org/resource/Category:Maldivian_films-http://dbpedia.org/resource/Category:Maldivian_horror_films,http://dbpedia.org/resource/Ibrahim_Wisan,Ahmed Nimal,na,,Dhivehi,,,,
The Crow: Salvation,http://dbpedia.org/resource/Category:2000_action_films-http://dbpedia.org/resource/Category:2000_films-http://dbpedia.org/resource/Category:2000_horror_films-http://dbpedia.org/resource/Category:2000s_action_horror_films-http://dbpedia.org/resource/Category:2000s_crime_action_films-http://dbpedia.org/resource/Category:2000s_mystery_films-http://dbpedia.org/resource/Category:2000s_police_films-http://dbpedia.org/resource/Category:2000s_romantic_action_films-http://dbpedia.org/resource/Category:2000s_superhero_films-http://dbpedia.org/resource/Category:2000s_supernatural_horror_films-http://dbpedia.org/resource/Category:2000s_vigilante_films-http://dbpedia.org/resource/Category:American_action_horror_films-http://dbpedia.org/resource/Category:American_crime_action_films-http://dbpedia.org/resource/Category:American_films-http://dbpedia.org/resource/Category:American_films_about_revenge-http://dbpedia.org/resource/Category:American_mystery_films-http://dbpedia.org/resource/Category:American_police_films-http://dbpedia.org/resource/Category:American_sequel_films-http://dbpedia.org/resource/Category:American_superhero_films-http://dbpedia.org/resource/Category:American_supernatural_horror_films-http://dbpedia.org/resource/Category:American_supernatural_romance_films-http://dbpedia.org/resource/Category:American_vigilante_films-http://dbpedia.org/resource/Category:Crime_horror_films-http://dbpedia.org/resource/Category:Dimension_Films_films-http://dbpedia.org/resource/Category:English-language_films-http://dbpedia.org/resource/Category:Father_and_daughter_films-http://dbpedia.org/resource/Category:Films_about_capital_punishment-http://dbpedia.org/resource/Category:Films_about_dysfunctional_families-http://dbpedia.org/resource/Category:Films_about_grieving-http://dbpedia.org/resource/Category:Films_about_kidnapping-http://dbpedia.org/resource/Category:Films_about_lawyers-http://dbpedia.org/resource/Category:Films_about_mass_murder-http://dbpedia.org/resource/Category:Films_about_miscarriage_of_justice-http://dbpedia.org/resource/Category:Films_about_organized_crime_in_the_United_States-http://dbpedia.org/resource/Category:Films_about_orphans-http://dbpedia.org/resource/Category:Films_about_police_corruption-http://dbpedia.org/resource/Category:Films_about_prison_escapes-http://dbpedia.org/resource/Category:Films_about_prostitution_in_the_United_States-http://dbpedia.org/resource/Category:Films_about_rape-http://dbpedia.org/resource/Category:Films_about_single_parent_families-http://dbpedia.org/resource/Category:Films_about_sisters-http://dbpedia.org/resource/Category:Films_about_striptease-http://dbpedia.org/resource/Category:Films_about_telepathy-http://dbpedia.org/resource/Category:Films_about_the_illegal_drug_trade-http://dbpedia.org/resource/Category:Films_about_undead-http://dbpedia.org/resource/Category:Films_directed_by_Bharat_Nalluri-http://dbpedia.org/resource/Category:Films_scored_by_Marco_Beltrami-http://dbpedia.org/resource/Category:Films_set_in_1997-http://dbpedia.org/resource/Category:Films_set_in_2000-http://dbpedia.org/resource/Category:Films_set_in_Utah-http://dbpedia.org/resource/Category:Films_set_in_prison-http://dbpedia.org/resource/Category:Films_shot_in_Salt_Lake_City-http://dbpedia.org/resource/Category:Gothic_horror_films-http://dbpedia.org/resource/Category:Horror_films_about_birds-http://dbpedia.org/resource/Category:Mystery_horror_films-http://dbpedia.org/resource/Category:Resurrection_in_film-http://dbpedia.org/resource/Category:Romantic_horror_films-http://dbpedia.org/resource/Category:Superhero_horror_films-http://dbpedia.org/resource/Category:Supernatural_action_films-http://dbpedia.org/resource/Category:The_Crow_films,na,Bharat Nalluri,na,http://dbpedia.org/resource/Edward R. Pressman--http://dbpedia.org/resource/Jeff Most,English,,,,
Ju-on: The Curse,http://dbpedia.org/resource/Category:2000_films-http://dbpedia.org/resource/Category:2000_horror_films-http://dbpedia.org/resource/Category:Direct-to-video_horror_films-http://dbpedia.org/resource/Category:Films_about_curses-http://dbpedia.org/resource/Category:Films_directed_by_Takashi_Shimizu-http://dbpedia.org/resource/Category:Japanese_films-http://dbpedia.org/resource/Category:Japanese_ghost_films-http://dbpedia.org/resource/Category:Japanese_nonlinear_narrative_films-http://dbpedia.org/resource/Category:Ju-On_films-http://dbpedia.org/resource/Category:Toei_Company_films,na,Takashi Shimizu,na,,Japanese,,,,
Witchouse 2: Blood Coven,http://dbpedia.org/resource/Category:2000_films-http://dbpedia.org/resource/Category:2000_horror_films-http://dbpedia.org/resource/Category:Full_Moon_Features_films,na,na,na,http://dbpedia.org/resource/Gary Schmoeller,English,,,,
Tomie: Replay,http://dbpedia.org/resource/Category:2000_films-http://dbpedia.org/resource/Category:2000_horror_films-http://dbpedia.org/resource/Category:Films_directed_by_Fujirō_Mitsuishi-http://dbpedia.org/resource/Category:Japanese_films-http://dbpedia.org/resource/Category:Japanese_horror_films-http://dbpedia.org/resource/Category:Japanese_sequel_films-http://dbpedia.org/resource/Category:Live-action_films_based_on_manga-http://dbpedia.org/resource/Category:Tomie,na,na,na,,Japanese,,,,
The Record,http://dbpedia.org/resource/Category:2000_films-http://dbpedia.org/resource/Category:2000_horror_films-http://dbpedia.org/resource/Category:Korean-language_films-http://dbpedia.org/resource/Category:South_Korean_films-http://dbpedia.org/resource/Category:South_Korean_horror_films-http://dbpedia.org/resource/Category:South_Korean_serial_killer_films-http://dbpedia.org/resource/Category:South_Korean_slasher_films,http://dbpedia.org/resource/Chung_Chung-hoon,na,na,,na,,,,
Final Destination:,http://dbpedia.org/resource/Category:2000_directorial_debut_films-http://dbpedia.org/resource/Category:2000_films-http://dbpedia.org/resource/Category:2000_horror_films-http://dbpedia.org/resource/Category:2000s_horror_thriller_films-http://dbpedia.org/resource/Category:2000s_teen_horror_films-http://dbpedia.org/resource/Category:American_aviation_films-http://dbpedia.org/resource/Category:American_films-http://dbpedia.org/resource/Category:American_horror_thriller_films-http://dbpedia.org/resource/Category:American_splatter_films-http://dbpedia.org/resource/Category:American_teen_horror_films-http://dbpedia.org/resource/Category:Films_about_aviation_accidents_or_incidents-http://dbpedia.org/resource/Category:Films_directed_by_James_Wong_(filmmaker)-http://dbpedia.org/resource/Category:Films_scored_by_Shirley_Walker-http://dbpedia.org/resource/Category:Films_set_in_2000-http://dbpedia.org/resource/Category:Films_set_in_New_York_City-http://dbpedia.org/resource/Category:Films_set_in_airports-http://dbpedia.org/resource/Category:Films_set_on_airplanes-http://dbpedia.org/resource/Category:Films_shot_in_San_Francisco-http://dbpedia.org/resource/Category:Films_shot_in_Toronto-http://dbpedia.org/resource/Category:Films_shot_in_Vancouver-http://dbpedia.org/resource/Category:Final_Destination_films-http://dbpedia.org/resource/Category:New_Line_Cinema_films,http://dbpedia.org/resource/Robert_McLachlan_(cinematographer),James Wong (filmmaker),1.129E8,http://dbpedia.org/resource/Glen Morgan,English,,,,
The Gift,"http://dbpedia.org/resource/Category:2000_drama_films-http://dbpedia.org/resource/Category:2000_films-http://dbpedia.org/resource/Category:2000_horror_films-http://dbpedia.org/resource/Category:2000_thriller_drama_films-http://dbpedia.org/resource/Category:2000s_mystery_thriller_films-http://dbpedia.org/resource/Category:American_films-http://dbpedia.org/resource/Category:American_horror_thriller_films-http://dbpedia.org/resource/Category:American_mystery_thriller_films-http://dbpedia.org/resource/Category:American_supernatural_horror_films-http://dbpedia.org/resource/Category:American_supernatural_thriller_films-http://dbpedia.org/resource/Category:American_thriller_drama_films-http://dbpedia.org/resource/Category:English-language_films-http://dbpedia.org/resource/Category:Films_about_domestic_violence-http://dbpedia.org/resource/Category:Films_about_precognition-http://dbpedia.org/resource/Category:Films_directed_by_Sam_Raimi-http://dbpedia.org/resource/Category:Films_produced_by_Gary_Lucchesi-http://dbpedia.org/resource/Category:Films_produced_by_James_Jacks-http://dbpedia.org/resource/Category:Films_produced_by_Tom_Rosenberg-http://dbpedia.org/resource/Category:Films_scored_by_Christopher_Young-http://dbpedia.org/resource/Category:Films_set_in_Georgia_(U.S._state)-http://dbpedia.org/resource/Category:Films_shot_in_Georgia_(U.S._state)-http://dbpedia.org/resource/Category:Films_shot_in_Savannah,_Georgia-http://dbpedia.org/resource/Category:Incest_in_film-http://dbpedia.org/resource/Category:Lakeshore_Entertainment_films-http://dbpedia.org/resource/Category:Paramount_Vantage_films-http://dbpedia.org/resource/Category:Southern_Gothic_films-http://dbpedia.org/resource/Category:Supernatural_drama_films",na,Sam Raimi,4.46E7,http://dbpedia.org/resource/Gary Lucchesi--http://dbpedia.org/resource/James Jacks--http://dbpedia.org/resource/Tom Rosenberg,English,,,,
Shadow of the Vampire,http://dbpedia.org/resource/Category:American_multilingual_films-http://dbpedia.org/resource/Category:Films_based_on_urban_legends-http://dbpedia.org/resource/Category:Nosferatu,na,E. Elias Merhige,1.12E7,,German,,,,
Escape from Hell,http://dbpedia.org/resource/Category:2000_drama_films-http://dbpedia.org/resource/Category:2000_films-http://dbpedia.org/resource/Category:2000_horror_films-http://dbpedia.org/resource/Category:American_drama_films-http://dbpedia.org/resource/Category:American_films-http://dbpedia.org/resource/Category:English-language_films-http://dbpedia.org/resource/Category:Films_about_Christianity-http://dbpedia.org/resource/Category:Films_about_Evangelicalism-http://dbpedia.org/resource/Category:Films_about_religion,na,na,na,,English,,,,
" 2000 and was released to DVD in 2002.""",Betheny Zolt--Courtney Taylor--Jennifer Ritchkoff--Michael Taylor--Tim Young,Camp Blood,Category:1999 LGBT-related films-Category:1999 films-Category:2000 horror films-Category:2000s 3D films-Category:American LGBT-related films-Category:American comedy horror films-Category:American films-Category:American independent films-Category:American serial killer films-Category:American slasher films-Category:Camp Blood (film series)-Category:Direct-to-video horror films-Category:Films shot in Los Angeles-Category:Horror films about clowns-Category:LGBT-related horror films,na,http://dbpedia.org/resource/Brad Sykes,na,,na,,
Scrapbook,http://dbpedia.org/resource/Category:2000_films-http://dbpedia.org/resource/Category:2000_horror_films-http://dbpedia.org/resource/Category:American_erotic_horror_films-http://dbpedia.org/resource/Category:American_rape_and_revenge_films,na,na,na,,na,,,,
Sleepwalker,http://dbpedia.org/resource/Category:2000_films-http://dbpedia.org/resource/Category:2000_horror_films-http://dbpedia.org/resource/Category:Films_set_in_Stockholm-http://dbpedia.org/resource/Category:Swedish_drama_films-http://dbpedia.org/resource/Category:Swedish_films-http://dbpedia.org/resource/Category:Swedish_horror_films-http://dbpedia.org/resource/Category:Swedish_thriller_films,http://dbpedia.org/resource/Håkan_Holmberg,Johannes Runeborg,na,http://dbpedia.org/resource/John M. Jacobsen,Swedish,,,,
Camp Blood 2,http://dbpedia.org/resource/Category:2000_films-http://dbpedia.org/resource/Category:2000_horror_films-http://dbpedia.org/resource/Category:2000s_3D_films-http://dbpedia.org/resource/Category:2000s_serial_killer_films-http://dbpedia.org/resource/Category:2000s_slasher_films-http://dbpedia.org/resource/Category:American_films-http://dbpedia.org/resource/Category:American_sequel_films-http://dbpedia.org/resource/Category:American_serial_killer_films-http://dbpedia.org/resource/Category:American_slasher_films-http://dbpedia.org/resource/Category:Camp_Blood_(film_series)-http://dbpedia.org/resource/Category:Horror_films_about_clowns,http://dbpedia.org/resource/Jeff_Leory,Brad Sykes,na,http://dbpedia.org/resource/David S. Sterling,English,,,,
Bruiser,http://dbpedia.org/resource/Category:2000_films-http://dbpedia.org/resource/Category:2000_horror_films-http://dbpedia.org/resource/Category:2000_independent_films-http://dbpedia.org/resource/Category:2000_psychological_thriller_films-http://dbpedia.org/resource/Category:English-language_French_films,na,George A. Romero,na,http://dbpedia.org/resource/Peter Grunwald,English,,,,
Bruiser,http://dbpedia.org/resource/Category:2000_films-http://dbpedia.org/resource/Category:2000_horror_films-http://dbpedia.org/resource/Category:2000_independent_films-http://dbpedia.org/resource/Category:2000_psychological_thriller_films-http://dbpedia.org/resource/Category:English-language_French_films-http://dbpedia.org/resource/Category:English-language_films-http://dbpedia.org/resource/Category:Films_directed_by_George_A._Romero-http://dbpedia.org/resource/Category:Films_shot_in_Toronto-http://dbpedia.org/resource/Category:French_films-http://dbpedia.org/resource/Category:French_independent_films-http://dbpedia.org/resource/Category:French_psychological_thriller_films-http://dbpedia.org/resource/Category:Spanish-language_films-http://dbpedia.org/resource/Category:StudioCanal_films,na,George A. Romero,na,http://dbpedia.org/resource/Ben Barenholtz--http://dbpedia.org/resource/Peter Grunwald,English,,,,
Sleepy Hollow High,http://dbpedia.org/resource/Category:2000_films-http://dbpedia.org/resource/Category:2000_horror_films-http://dbpedia.org/resource/Category:American_films-http://dbpedia.org/resource/Category:American_slasher_films-http://dbpedia.org/resource/Category:Films_shot_in_Maryland-http://dbpedia.org/resource/Category:Halloween_horror_films-http://dbpedia.org/resource/Category:Supernatural_slasher_films,na,na,na,,English,,,,
Crocodile,http://dbpedia.org/resource/Category:2000_films-http://dbpedia.org/resource/Category:2000_horror_films-http://dbpedia.org/resource/Category:American_direct-to-video_films-http://dbpedia.org/resource/Category:American_films-http://dbpedia.org/resource/Category:American_independent_films-http://dbpedia.org/resource/Category:American_monster_movies-http://dbpedia.org/resource/Category:American_natural_horror_films-http://dbpedia.org/resource/Category:Direct-to-video_horror_films-http://dbpedia.org/resource/Category:Films_about_crocodilians-http://dbpedia.org/resource/Category:Films_directed_by_Tobe_Hooper-http://dbpedia.org/resource/Category:Films_set_in_California-http://dbpedia.org/resource/Category:Giant_monster_films-http://dbpedia.org/resource/Category:Nu_Image_films,na,Tobe Hooper,na,http://dbpedia.org/resource/Boaz Davidson,na,,,,
Hollow Man,"http://dbpedia.org/resource/Category:2000_films-http://dbpedia.org/resource/Category:2000_horror_films-http://dbpedia.org/resource/Category:2000s_science_fiction_horror_films-http://dbpedia.org/resource/Category:American_films-http://dbpedia.org/resource/Category:American_science_fiction_horror_films-http://dbpedia.org/resource/Category:Columbia_Pictures_films-http://dbpedia.org/resource/Category:English-language_films-http://dbpedia.org/resource/Category:Films_about_invisibility-http://dbpedia.org/resource/Category:Films_about_mass_murder-http://dbpedia.org/resource/Category:Films_about_scientists-http://dbpedia.org/resource/Category:Films_directed_by_Paul_Verhoeven-http://dbpedia.org/resource/Category:Films_produced_by_Douglas_Wick-http://dbpedia.org/resource/Category:Films_scored_by_Jerry_Goldsmith-http://dbpedia.org/resource/Category:Films_set_in_Washington,_D.C.-http://dbpedia.org/resource/Category:Films_shot_in_Los_Angeles-http://dbpedia.org/resource/Category:Films_shot_in_Washington,_D.C.-http://dbpedia.org/resource/Category:German_films-http://dbpedia.org/resource/Category:German_science_fiction_horror_films",http://dbpedia.org/resource/Jost_Vacano,Paul Verhoeven,1.902E8,http://dbpedia.org/resource/Alan Marshall (producer)--http://dbpedia.org/resource/Douglas Wick,English,,,,
Vampire Hunter D: Bloodlust,http://dbpedia.org/resource/Category:2000_anime_films-http://dbpedia.org/resource/Category:2000_films-http://dbpedia.org/resource/Category:2000_horror_films-http://dbpedia.org/resource/Category:2000s_fantasy_films-http://dbpedia.org/resource/Category:2000s_monster_movies-http://dbpedia.org/resource/Category:2000s_science_fiction_films-http://dbpedia.org/resource/Category:Animated_post-apocalyptic_films-http://dbpedia.org/resource/Category:Dark_fantasy_anime_and_manga-http://dbpedia.org/resource/Category:Discotek_Media-http://dbpedia.org/resource/Category:Dracula_films-http://dbpedia.org/resource/Category:Fiction_set_in_the_7th_millennium_or_beyond-http://dbpedia.org/resource/Category:Films_about_kidnapping-http://dbpedia.org/resource/Category:Films_based_on_Japanese_novels-http://dbpedia.org/resource/Category:Films_directed_by_Yoshiaki_Kawajiri-http://dbpedia.org/resource/Category:Films_set_in_castles-http://dbpedia.org/resource/Category:Hong_Kong_films-http://dbpedia.org/resource/Category:Hong_Kong_supernatural_horror_films-http://dbpedia.org/resource/Category:Horror_anime_and_manga-http://dbpedia.org/resource/Category:Japanese_action_horror_films-http://dbpedia.org/resource/Category:Japanese_animated_horror_films-http://dbpedia.org/resource/Category:Japanese_animated_science_fiction_films-http://dbpedia.org/resource/Category:Japanese_films-http://dbpedia.org/resource/Category:Madhouse_(company)-http://dbpedia.org/resource/Category:Post-apocalyptic_anime_and_manga-http://dbpedia.org/resource/Category:Vampire_Hunter_D-http://dbpedia.org/resource/Category:Vampires_in_animated_film-http://dbpedia.org/resource/Category:Vampires_in_anime_and_manga-http://dbpedia.org/resource/Category:Werewolves_in_animated_film,na,Yoshiaki Kawajiri,151086.0,http://dbpedia.org/resource/Masao Maruyama (film producer),English,,,,
Dial D for Demons,http://dbpedia.org/resource/Category:2000_films-http://dbpedia.org/resource/Category:2000_horror_films-http://dbpedia.org/resource/Category:Cantonese-language_films-http://dbpedia.org/resource/Category:Films_directed_by_Billy_Tang-http://dbpedia.org/resource/Category:Hong_Kong_films-http://dbpedia.org/resource/Category:Hong_Kong_supernatural_horror_films,na,Billy Tang,1053486.0,http://dbpedia.org/resource/Billy Tang,Cantonese,,,,
The Watcher,http://dbpedia.org/resource/Category:2000_crime_thriller_films-http://dbpedia.org/resource/Category:2000_films-http://dbpedia.org/resource/Category:2000_horror_films-http://dbpedia.org/resource/Category:2000_psychological_thriller_films-http://dbpedia.org/resource/Category:2000s_serial_killer_films-http://dbpedia.org/resource/Category:American_crime_thriller_films-http://dbpedia.org/resource/Category:American_films-http://dbpedia.org/resource/Category:American_psychological_horror_films-http://dbpedia.org/resource/Category:American_serial_killer_films-http://dbpedia.org/resource/Category:English-language_films-http://dbpedia.org/resource/Category:Films_about_psychopaths-http://dbpedia.org/resource/Category:Films_about_the_Federal_Bureau_of_Investigation-http://dbpedia.org/resource/Category:Films_scored_by_Marco_Beltrami-http://dbpedia.org/resource/Category:Films_set_in_Chicago-http://dbpedia.org/resource/Category:Films_shot_in_Chicago-http://dbpedia.org/resource/Category:Universal_Pictures_films,http://dbpedia.org/resource/Michael_Chapman_(cinematographer),na,4.73E7,http://dbpedia.org/resource/Christopher Eberts--http://dbpedia.org/resource/Clark Peterson,English,,,,
A Wicked Ghost II: The Fear,http://dbpedia.org/resource/Category:2000_films-http://dbpedia.org/resource/Category:2000_horror_films-http://dbpedia.org/resource/Category:Cantonese-language_films-http://dbpedia.org/resource/Category:Hong_Kong_films-http://dbpedia.org/resource/Category:Hong_Kong_supernatural_horror_films,na,na,407346.0,,Cantonese,,,,
The Irrefutable Truth About Demons,http://dbpedia.org/resource/Category:2000_films-http://dbpedia.org/resource/Category:2000_horror_films-http://dbpedia.org/resource/Category:New_Zealand_films-http://dbpedia.org/resource/Category:New_Zealand_horror_films,na,Glenn Standring,na,,English,,,,
They Nest,http://dbpedia.org/resource/Category:2000_directorial_debut_films-http://dbpedia.org/resource/Category:2000_films-http://dbpedia.org/resource/Category:2000s_science_fiction_horror_films-http://dbpedia.org/resource/Category:American_films-http://dbpedia.org/resource/Category:American_natural_horror_films-http://dbpedia.org/resource/Category:American_science_fiction_horror_films-http://dbpedia.org/resource/Category:English-language_films-http://dbpedia.org/resource/Category:Films_about_insects-http://dbpedia.org/resource/Category:Films_about_physicians-http://dbpedia.org/resource/Category:Films_directed_by_Ellory_Elkayem-http://dbpedia.org/resource/Category:Films_set_in_Maine-http://dbpedia.org/resource/Category:The_Kushner-Locke_Company_films,na,Ellory Elkayem,na,,English,,,,
--Kumiko Asō--Seiichi Tanabe--Yukie Nakama,Ring 0: Birthday,http://dbpedia.org/resource/Category:2000_films-http://dbpedia.org/resource/Category:2000_horror_films-http://dbpedia.org/resource/Category:2000s_ghost_films-http://dbpedia.org/resource/Category:Films_about_bullying-http://dbpedia.org/resource/Category:Films_about_revenge-http://dbpedia.org/resource/Category:Films_about_telekinesis-http://dbpedia.org/resource/Category:Films_based_on_short_fiction-http://dbpedia.org/resource/Category:Films_directed_by_Norio_Tsuruta-http://dbpedia.org/resource/Category:Films_set_in_1968-http://dbpedia.org/resource/Category:Japanese_films-http://dbpedia.org/resource/Category:Japanese_ghost_films-http://dbpedia.org/resource/Category:Japanese_horror_films-http://dbpedia.org/resource/Category:The_Ring_(franchise)-http://dbpedia.org/resource/Category:Toho_films,na,http://dbpedia.org/resource/Norio_Tsuruta,na,,Japanese,,Japanese,
" but is confounded each time by his honesty which compels him to tell the grisly stories associated with each house he shows the couple.""",http://dbpedia.org/resource/Allison_Smith_(actress)--http://dbpedia.org/resource/Brenda_Strong--http://dbpedia.org/resource/Bryan_Cranston--http://dbpedia.org/resource/Carmine_Giovinazzo--http://dbpedia.org/resource/David_DeLuise--http://dbpedia.org/resource/John_Ritter--http://dbpedia.org/resource/Rachel_York--http://dbpedia.org/resource/Will_Estes,Terror Tract,Category:2000 comedy films-Category:2000 films-Category:American comedy horror films-Category:American films-Category:American horror anthology films-Category:American television films-Category:English-language films-Category:Films scored by Brian Tyler,na,na,na,Steven G. Kaplan,English,Steven G. Kaplan,
,http://dbpedia.org/resource/Category:2000_films-http://dbpedia.org/resource/Category:2000_horror_films-http://dbpedia.org/resource/Category:American_action_horror_films-http://dbpedia.org/resource/Category:English-language_films,na,na,na,,English,,,,
Leprechaun in the Hood,http://dbpedia.org/resource/Category:2000_direct-to-video_films-http://dbpedia.org/resource/Category:2000_films-http://dbpedia.org/resource/Category:2000_horror_films-http://dbpedia.org/resource/Category:African-American_comedy_horror_films-http://dbpedia.org/resource/Category:American_slasher_films-http://dbpedia.org/resource/Category:American_supernatural_horror_films-http://dbpedia.org/resource/Category:Direct-to-video_horror_films-http://dbpedia.org/resource/Category:Direct-to-video_sequel_films-http://dbpedia.org/resource/Category:English-language_films-http://dbpedia.org/resource/Category:Hood_films-http://dbpedia.org/resource/Category:Leprechaun_(film_series)-http://dbpedia.org/resource/Category:Transgender-related_films-http://dbpedia.org/resource/Category:Trimark_Pictures_films,na,na,na,,English,,,,
Octopus,http://dbpedia.org/resource/Category:2000_films-http://dbpedia.org/resource/Category:2000_horror_films-http://dbpedia.org/resource/Category:2000s_monster_movies-http://dbpedia.org/resource/Category:American_films-http://dbpedia.org/resource/Category:American_monster_movies-http://dbpedia.org/resource/Category:American_television_films-http://dbpedia.org/resource/Category:English-language_films-http://dbpedia.org/resource/Category:Films_about_cephalopods-http://dbpedia.org/resource/Category:Films_shot_in_Bulgaria-http://dbpedia.org/resource/Category:Giant_monster_films-http://dbpedia.org/resource/Category:Nu_Image_films-http://dbpedia.org/resource/Category:Submarine_films,na,na,na,http://dbpedia.org/resource/Boaz Davidson--http://dbpedia.org/resource/Danny Lerner--http://dbpedia.org/resource/David Varod,na,,,,
" with paintings by H. R. Giger and a plot that had been called Hellraiser in outer space."" Jack Sholder was hired for substantial uncredited reshoots", and Francis Ford Coppola was brought in for editing purposes. Various sources suggest that little of Hill's work remains in the theatrical cut of the film. The film shares several plot similarities with the film Event Horizon," released in 19""",--Angela Bassett--James Spader--Lou Diamond Phillips--Peter Facinelli--Robert Forster--Robin Tunney--Wilson Cruz,Supernova,2000 films-2000 horror films-2000s science fiction horror films-2000s thriller films-American films-American science fiction horror films-American space adventure films-American thriller films-English-language films-Fiction about supernovae-Films directed by Alan Smithee-Films directed by Walter Hill-Films set in the 22nd century-Metro-Goldwyn-Mayer films-Swiss films-Swiss horror films,Lloyd Ahern II,Walter Hill,1.48E7,Walter Hill,English
Scream 3: The Album,http://dbpedia.org/resource/Category:2000_comedy_films-http://dbpedia.org/resource/Category:2000_films-http://dbpedia.org/resource/Category:2000_horror_films-http://dbpedia.org/resource/Category:2000_independent_films-http://dbpedia.org/resource/Category:2000s_comedy_horror_films-http://dbpedia.org/resource/Category:2000s_mystery_thriller_films-http://dbpedia.org/resource/Category:2000s_slasher_films-http://dbpedia.org/resource/Category:American_black_comedy_films-http://dbpedia.org/resource/Category:American_films-http://dbpedia.org/resource/Category:American_independent_films-http://dbpedia.org/resource/Category:American_mystery_thriller_films-http://dbpedia.org/resource/Category:American_sequel_films-http://dbpedia.org/resource/Category:Dimension_Films_films-http://dbpedia.org/resource/Category:Films_about_Hollywood-http://dbpedia.org/resource/Category:Films_about_filmmaking-http://dbpedia.org/resource/Category:Films_about_siblings-http://dbpedia.org/resource/Category:Films_directed_by_Wes_Craven-http://dbpedia.org/resource/Category:Films_scored_by_Marco_Beltrami-http://dbpedia.org/resource/Category:Films_set_in_2000-http://dbpedia.org/resource/Category:Films_set_in_Los_Angeles-http://dbpedia.org/resource/Category:Films_set_in_studio_lots-http://dbpedia.org/resource/Category:Films_with_screenplays_by_Ehren_Kruger-http://dbpedia.org/resource/Category:Fratricide_in_fiction-http://dbpedia.org/resource/Category:Impact_of_the_Columbine_High_School_massacre_on_cinema-http://dbpedia.org/resource/Category:Post-traumatic_stress_disorder_in_fiction-http://dbpedia.org/resource/Category:Satirical_films-http://dbpedia.org/resource/Category:Scream_(film_series),http://dbpedia.org/resource/Peter_Deming,Wes Craven,1.618E8,,English,,,,
Urban Legends: Final Cut,http://dbpedia.org/resource/Category:2000_directorial_debut_films-http://dbpedia.org/resource/Category:2000_films-http://dbpedia.org/resource/Category:2000_horror_films-http://dbpedia.org/resource/Category:2000s_slasher_films-http://dbpedia.org/resource/Category:2000s_teen_horror_films-http://dbpedia.org/resource/Category:American_films-http://dbpedia.org/resource/Category:American_horror_thriller_films-http://dbpedia.org/resource/Category:American_mystery_films-http://dbpedia.org/resource/Category:Films_based_on_urban_legends-http://dbpedia.org/resource/Category:Mystery_horror_films-http://dbpedia.org/resource/Category:Original_Film_films-http://dbpedia.org/resource/Category:Self-reflexive_films,na,John Ottman,3.86E7,http://dbpedia.org/resource/Gina Matthews,English,,,,
Killjoy,http://dbpedia.org/resource/Category:2000_films-http://dbpedia.org/resource/Category:2000_horror_films-http://dbpedia.org/resource/Category:American_films-http://dbpedia.org/resource/Category:American_slasher_films-http://dbpedia.org/resource/Category:Blaxploitation_films-http://dbpedia.org/resource/Category:English-language_films-http://dbpedia.org/resource/Category:Fictional_clowns-http://dbpedia.org/resource/Category:Horror_films_about_clowns,na,Craig Ross Jr.,na,http://dbpedia.org/resource/Mel Johnson Jr.,English,,,,
Anatomy,http://dbpedia.org/resource/Category:2000_films-http://dbpedia.org/resource/Category:2000_horror_films-http://dbpedia.org/resource/Category:2000_psychological_thriller_films-http://dbpedia.org/resource/Category:2000s_horror_thriller_films-http://dbpedia.org/resource/Category:2000s_slasher_films-http://dbpedia.org/resource/Category:Columbia_Pictures_films-http://dbpedia.org/resource/Category:Films_directed_by_Stefan_Ruzowitzky-http://dbpedia.org/resource/Category:Films_set_in_Germany-http://dbpedia.org/resource/Category:Films_set_in_universities_and_colleges-http://dbpedia.org/resource/Category:Films_shot_in_Germany-http://dbpedia.org/resource/Category:German-language_films-http://dbpedia.org/resource/Category:German_films-http://dbpedia.org/resource/Category:German_horror_thriller_films-http://dbpedia.org/resource/Category:German_psychological_thriller_films-http://dbpedia.org/resource/Category:German_slasher_films,na,Stefan Ruzowitzky,na,,German,,,,
The Sight,http://dbpedia.org/resource/Category:2000_films-http://dbpedia.org/resource/Category:2000_horror_films-http://dbpedia.org/resource/Category:2000_television_films-http://dbpedia.org/resource/Category:2000s_horror_thriller_films-http://dbpedia.org/resource/Category:20th_Century_Fox_Television_films-http://dbpedia.org/resource/Category:American_films-http://dbpedia.org/resource/Category:American_horror_television_films-http://dbpedia.org/resource/Category:American_horror_thriller_films-http://dbpedia.org/resource/Category:British_films-http://dbpedia.org/resource/Category:British_horror_television_films-http://dbpedia.org/resource/Category:British_horror_thriller_films-http://dbpedia.org/resource/Category:English-language_films-http://dbpedia.org/resource/Category:FX_Networks_original_programming-http://dbpedia.org/resource/Category:Films_directed_by_Paul_W._S._Anderson-http://dbpedia.org/resource/Category:Films_scored_by_Jocelyn_Pook-http://dbpedia.org/resource/Category:Television_pilots_not_picked_up_as_a_series,na,Paul W. S. Anderson,na,,English,,,,
Bloody Beach,http://dbpedia.org/resource/Category:2000_films-http://dbpedia.org/resource/Category:2000_horror_films-http://dbpedia.org/resource/Category:Korean-language_films-http://dbpedia.org/resource/Category:South_Korean_films-http://dbpedia.org/resource/Category:South_Korean_horror_films-http://dbpedia.org/resource/Category:South_Korean_serial_killer_films-http://dbpedia.org/resource/Category:South_Korean_slasher_films,na,na,na,,Korean,,,,
Trancers 6,http://dbpedia.org/resource/Category:2000_horror_films-http://dbpedia.org/resource/Category:2000s_science_fiction_horror_films-http://dbpedia.org/resource/Category:2002_films-http://dbpedia.org/resource/Category:American_films-http://dbpedia.org/resource/Category:American_science_fiction_horror_films-http://dbpedia.org/resource/Category:American_sequel_films-http://dbpedia.org/resource/Category:English-language_films-http://dbpedia.org/resource/Category:Films_shot_in_Los_Angeles-http://dbpedia.org/resource/Category:Trancers_(film_series),na,na,na,,English,,,,
Christina's House,http://dbpedia.org/resource/Category:2000_horror_films-http://dbpedia.org/resource/Category:2000s_slasher_films-http://dbpedia.org/resource/Category:Canadian_films-http://dbpedia.org/resource/Category:Canadian_slasher_films-http://dbpedia.org/resource/Category:Supernatural_slasher_films,na,na,na,,English,,,,
Shark Attack 2,http://dbpedia.org/resource/Category:2000_direct-to-video_films-http://dbpedia.org/resource/Category:2000_films-http://dbpedia.org/resource/Category:2000_horror_films-http://dbpedia.org/resource/Category:2000s_action_films-http://dbpedia.org/resource/Category:2000s_thriller_films-http://dbpedia.org/resource/Category:Direct-to-video_sequel_films,na,na,na,,English,,,,
Scream 3,http://dbpedia.org/resource/Category:2000_comedy_films-http://dbpedia.org/resource/Category:2000_films-http://dbpedia.org/resource/Category:2000_horror_films-http://dbpedia.org/resource/Category:2000_independent_films-http://dbpedia.org/resource/Category:2000s_comedy_horror_films-http://dbpedia.org/resource/Category:2000s_mystery_thriller_films-http://dbpedia.org/resource/Category:2000s_slasher_films-http://dbpedia.org/resource/Category:American_black_comedy_films-http://dbpedia.org/resource/Category:American_films-http://dbpedia.org/resource/Category:American_independent_films-http://dbpedia.org/resource/Category:American_mystery_thriller_films-http://dbpedia.org/resource/Category:American_sequel_films-http://dbpedia.org/resource/Category:Dimension_Films_films-http://dbpedia.org/resource/Category:Films_about_Hollywood-http://dbpedia.org/resource/Category:Films_about_filmmaking-http://dbpedia.org/resource/Category:Films_about_siblings-http://dbpedia.org/resource/Category:Films_directed_by_Wes_Craven-http://dbpedia.org/resource/Category:Films_scored_by_Marco_Beltrami-http://dbpedia.org/resource/Category:Films_set_in_2000-http://dbpedia.org/resource/Category:Films_set_in_Los_Angeles-http://dbpedia.org/resource/Category:Films_set_in_studio_lots-http://dbpedia.org/resource/Category:Films_with_screenplays_by_Ehren_Kruger-http://dbpedia.org/resource/Category:Fratricide_in_fiction-http://dbpedia.org/resource/Category:Impact_of_the_Columbine_High_School_massacre_on_cinema-http://dbpedia.org/resource/Category:Post-traumatic_stress_disorder_in_fiction-http://dbpedia.org/resource/Category:Satirical_films-http://dbpedia.org/resource/Category:Scream_(film_series),http://dbpedia.org/resource/Peter_Deming,Wes Craven,1.618E8,,English,,,,
Shadow of the Vampire,http://dbpedia.org/resource/Category:2000_comedy_horror_films-http://dbpedia.org/resource/Category:2000_films-http://dbpedia.org/resource/Category:2000_horror_films-http://dbpedia.org/resource/Category:American_films-http://dbpedia.org/resource/Category:American_multilingual_films-http://dbpedia.org/resource/Category:American_supernatural_horror_films-http://dbpedia.org/resource/Category:BBC_Film_films-http://dbpedia.org/resource/Category:British_comedy_films-http://dbpedia.org/resource/Category:British_films-http://dbpedia.org/resource/Category:British_supernatural_horror_films-http://dbpedia.org/resource/Category:Cultural_depictions_of_German_men-http://dbpedia.org/resource/Category:English-language_films-http://dbpedia.org/resource/Category:Films_based_on_urban_legends-http://dbpedia.org/resource/Category:Films_set_in_Berlin-http://dbpedia.org/resource/Category:German-language_films-http://dbpedia.org/resource/Category:Gothic_horror_films-http://dbpedia.org/resource/Category:Lionsgate_films-http://dbpedia.org/resource/Category:Luxembourgian_films-http://dbpedia.org/resource/Category:Nosferatu,na,E. Elias Merhige,1.12E7,,,,,,
Shadow of the Vampire,http://dbpedia.org/resource/Category:Biographical_films_about_actors-http://dbpedia.org/resource/Category:Cultural_depictions_of_German_men-http://dbpedia.org/resource/Category:Cultural_depictions_of_actors-http://dbpedia.org/resource/Category:Cultural_depictions_of_film_directors-http://dbpedia.org/resource/Category:Dracula_films-http://dbpedia.org/resource/Category:F._W._Murnau-http://dbpedia.org/resource/Category:Films_about_filmmaking-http://dbpedia.org/resource/Category:Films_about_films-http://dbpedia.org/resource/Category:Films_about_snuff_films-http://dbpedia.org/resource/Category:Films_directed_by_E._Elias_Merhige-http://dbpedia.org/resource/Category:Films_produced_by_Nicolas_Cage-http://dbpedia.org/resource/Category:Films_set_in_1921-http://dbpedia.org/resource/Category:Films_set_in_Czechoslovakia-http://dbpedia.org/resource/Category:Films_set_in_Poland-http://dbpedia.org/resource/Category:Films_set_in_Slovakia-http://dbpedia.org/resource/Category:Films_set_in_castles-http://dbpedia.org/resource/Category:Films_shot_in_Luxembourg-http://dbpedia.org/resource/Category:Luxembourgian_LGBT-related_films-http://dbpedia.org/resource/Category:Luxembourgian_horror_films-http://dbpedia.org/resource/Category:Luxembourgish-language_films-http://dbpedia.org/resource/Category:Period_horror_films-http://dbpedia.org/resource/Category:Saturn_Films_films-http://dbpedia.org/resource/Category:Vampires_in_film,na,E. Elias Merhige,1.12E7,,,,,,
Cherry Falls,http://dbpedia.org/resource/Category:2000_films-http://dbpedia.org/resource/Category:2000_horror_films-http://dbpedia.org/resource/Category:2000_independent_films-http://dbpedia.org/resource/Category:2000s_satirical_films-http://dbpedia.org/resource/Category:2000s_slasher_films-http://dbpedia.org/resource/Category:2000s_teen_horror_films-http://dbpedia.org/resource/Category:American_films-http://dbpedia.org/resource/Category:American_independent_films-http://dbpedia.org/resource/Category:American_satirical_films-http://dbpedia.org/resource/Category:American_slasher_films-http://dbpedia.org/resource/Category:American_teen_horror_films-http://dbpedia.org/resource/Category:English-language_films-http://dbpedia.org/resource/Category:Films_about_virginity-http://dbpedia.org/resource/Category:Films_set_in_Virginia-http://dbpedia.org/resource/Category:Films_shot_in_Virginia-http://dbpedia.org/resource/Category:Rogue_(company)_films,http://dbpedia.org/resource/Anthony_B._Richmond,Geoffrey Wright,na,,English,,,,
The Bogus Witch Project,http://dbpedia.org/resource/Category:2000_comedy_films-http://dbpedia.org/resource/Category:2000_films-http://dbpedia.org/resource/Category:2000_horror_films-http://dbpedia.org/resource/Category:2000s_parody_films-http://dbpedia.org/resource/Category:American_films-http://dbpedia.org/resource/Category:American_parody_films-http://dbpedia.org/resource/Category:English-language_films-http://dbpedia.org/resource/Category:Parodies_of_horror-http://dbpedia.org/resource/Category:Trimark_Pictures_films,na,Victor Kargan,na,http://dbpedia.org/resource/Alex Zamm--http://dbpedia.org/resource/Mark Amin,English,,,,
Ancient Evil: Scream of the Mummy,http://dbpedia.org/resource/Category:2000_films-http://dbpedia.org/resource/Category:2000_horror_films-http://dbpedia.org/resource/Category:2000s_monster_movies-http://dbpedia.org/resource/Category:American_films-http://dbpedia.org/resource/Category:American_horror_films-http://dbpedia.org/resource/Category:Films_directed_by_David_DeCoteau-http://dbpedia.org/resource/Category:Mexican_films-http://dbpedia.org/resource/Category:Mexican_horror_films-http://dbpedia.org/resource/Category:Mummy_films,na,David DeCoteau,na,http://dbpedia.org/resource/Bob Van Ronkel--http://dbpedia.org/resource/David DeCoteau--http://dbpedia.org/resource/David Silberg--http://dbpedia.org/resource/Michael Catalano--http://dbpedia.org/resource/Oleg Kapanets--http://dbpedia.org/resource/Sam Irvin,English,,,,
The St. Francisville Experiment,http://dbpedia.org/resource/Category:2000_films-http://dbpedia.org/resource/Category:2000_horror_films-http://dbpedia.org/resource/Category:American_films-http://dbpedia.org/resource/Category:American_haunted_house_films-http://dbpedia.org/resource/Category:American_horror_films-http://dbpedia.org/resource/Category:English-language_films-http://dbpedia.org/resource/Category:Films_set_in_Louisiana-http://dbpedia.org/resource/Category:Films_shot_in_Louisiana-http://dbpedia.org/resource/Category:Found_footage_films-http://dbpedia.org/resource/Category:Trimark_Pictures_films,na,Ted Nicolaou,na,http://dbpedia.org/resource/Dana Scanlan--http://dbpedia.org/resource/Gary Schmoeller--http://dbpedia.org/resource/Paul Salamoff,English,,,,
The Art of Dying,http://dbpedia.org/resource/Category:2000_horror_films-http://dbpedia.org/resource/Category:Spanish_films-http://dbpedia.org/resource/Category:Spanish_slasher_films,na,Álvaro Fernández Armero,na,,Spanish,,,,
Possessed,http://dbpedia.org/resource/Category:2000_films-http://dbpedia.org/resource/Category:2000_horror_films-http://dbpedia.org/resource/Category:2000_television_films-http://dbpedia.org/resource/Category:American_films-http://dbpedia.org/resource/Category:American_supernatural_horror_films-http://dbpedia.org/resource/Category:American_television_films-http://dbpedia.org/resource/Category:Films_about_Catholic_priests-http://dbpedia.org/resource/Category:Films_about_Spiritism-http://dbpedia.org/resource/Category:Films_about_exorcism-http://dbpedia.org/resource/Category:Films_based_on_American_horror_novels-http://dbpedia.org/resource/Category:Films_directed_by_Steven_E._de_Souza-http://dbpedia.org/resource/Category:Films_scored_by_John_Frizzell_(composer)-http://dbpedia.org/resource/Category:Films_set_in_1944-http://dbpedia.org/resource/Category:Films_set_in_France-http://dbpedia.org/resource/Category:Films_set_in_St._Louis-http://dbpedia.org/resource/Category:Films_set_in_the_1950s-http://dbpedia.org/resource/Category:Horror_television_films-http://dbpedia.org/resource/Category:Religious_horror_films-http://dbpedia.org/resource/Category:World_War_II_films,na,Steven E. de Souza,na,,English,,,,
They Nest,http://dbpedia.org/resource/Category:2000_horror_films-http://dbpedia.org/resource/Category:2000_science_fiction_films-http://dbpedia.org/resource/Category:2000s_science_fiction_horror_films,na,Ellory Elkayem,na,,English,,,,
Crazy Lips,http://dbpedia.org/resource/Category:2000_comedy_films-http://dbpedia.org/resource/Category:2000_comedy_horror_films-http://dbpedia.org/resource/Category:2000_films-http://dbpedia.org/resource/Category:2000_horror_films-http://dbpedia.org/resource/Category:2000_independent_films-http://dbpedia.org/resource/Category:2000s_supernatural_horror_films-http://dbpedia.org/resource/Category:Japanese_comedy_films-http://dbpedia.org/resource/Category:Japanese_films-http://dbpedia.org/resource/Category:Japanese_independent_films-http://dbpedia.org/resource/Category:Japanese_supernatural_horror_films,na,Hirohisa Sasaki,na,,Japanese,,,,
Deep in the Woods,http://dbpedia.org/resource/Category:2000_films-http://dbpedia.org/resource/Category:2000_horror_films-http://dbpedia.org/resource/Category:2000s_slasher_films-http://dbpedia.org/resource/Category:French_films-http://dbpedia.org/resource/Category:French_horror_films-http://dbpedia.org/resource/Category:French_slasher_films-http://dbpedia.org/resource/Category:Gothic_horror_films,na,na,na,,French,,,,
Bloody Murder,http://dbpedia.org/resource/Category:2000_direct-to-video_films-http://dbpedia.org/resource/Category:2000_films-http://dbpedia.org/resource/Category:2000_horror_films-http://dbpedia.org/resource/Category:2000_independent_films-http://dbpedia.org/resource/Category:2000s_slasher_films-http://dbpedia.org/resource/Category:2000s_teen_horror_films-http://dbpedia.org/resource/Category:American_direct-to-video_films-http://dbpedia.org/resource/Category:American_exploitation_films-http://dbpedia.org/resource/Category:American_films-http://dbpedia.org/resource/Category:American_films_about_revenge-http://dbpedia.org/resource/Category:American_independent_films-http://dbpedia.org/resource/Category:American_slasher_films-http://dbpedia.org/resource/Category:Direct-to-video_horror_films-http://dbpedia.org/resource/Category:English-language_films-http://dbpedia.org/resource/Category:Films_about_bullying-http://dbpedia.org/resource/Category:Films_about_games-http://dbpedia.org/resource/Category:Films_about_mass_murder-http://dbpedia.org/resource/Category:Films_about_summer_camps-http://dbpedia.org/resource/Category:Films_set_in_1981-http://dbpedia.org/resource/Category:Films_set_in_1999-http://dbpedia.org/resource/Category:Films_set_in_Nevada-http://dbpedia.org/resource/Category:Films_set_in_forests-http://dbpedia.org/resource/Category:Films_shot_in_California,na,na,na,,English,,,,
Isola,http://dbpedia.org/resource/Category:2000_horror_films-http://dbpedia.org/resource/Category:Japanese_films-http://dbpedia.org/resource/Category:Japanese_horror_films,na,Toshiyuki Mizutani,na,,na,,,,
Bless the Child,http://dbpedia.org/resource/Category:2000_films-http://dbpedia.org/resource/Category:2000_horror_films-http://dbpedia.org/resource/Category:2000_psychological_thriller_films-http://dbpedia.org/resource/Category:American_films-http://dbpedia.org/resource/Category:American_horror_thriller_films-http://dbpedia.org/resource/Category:American_serial_killer_films-http://dbpedia.org/resource/Category:American_supernatural_horror_films-http://dbpedia.org/resource/Category:English-language_films-http://dbpedia.org/resource/Category:Fictional_portrayals_of_the_New_York_City_Police_Department-http://dbpedia.org/resource/Category:Films_about_Catholicism-http://dbpedia.org/resource/Category:Films_about_Satanism-http://dbpedia.org/resource/Category:Films_about_autism-http://dbpedia.org/resource/Category:Films_based_on_American_horror_novels-http://dbpedia.org/resource/Category:Films_directed_by_Chuck_Russell-http://dbpedia.org/resource/Category:Films_produced_by_Mace_Neufeld-http://dbpedia.org/resource/Category:Films_scored_by_Christopher_Young-http://dbpedia.org/resource/Category:Films_set_in_New_York_City-http://dbpedia.org/resource/Category:Films_set_in_Vermont-http://dbpedia.org/resource/Category:Films_shot_in_Toronto-http://dbpedia.org/resource/Category:German_films-http://dbpedia.org/resource/Category:German_horror_thriller_films-http://dbpedia.org/resource/Category:Icon_Productions_films-http://dbpedia.org/resource/Category:Mythology_in_popular_culture-http://dbpedia.org/resource/Category:Paramount_Pictures_films-http://dbpedia.org/resource/Category:Religious_horror_films,http://dbpedia.org/resource/Peter_Menzies_Jr.,Chuck Russell,4.0E7,http://dbpedia.org/resource/Mace Neufeld,English,,,,
The Cell,http://dbpedia.org/resource/Category:2000_directorial_debut_films-http://dbpedia.org/resource/Category:2000_films-http://dbpedia.org/resource/Category:2000_horror_films-http://dbpedia.org/resource/Category:2000_psychological_thriller_films-http://dbpedia.org/resource/Category:2000_science_fiction_films-http://dbpedia.org/resource/Category:2000s_horror_thriller_films-http://dbpedia.org/resource/Category:2000s_psychological_horror_films-http://dbpedia.org/resource/Category:2000s_science_fiction_horror_films-http://dbpedia.org/resource/Category:2000s_science_fiction_thriller_films-http://dbpedia.org/resource/Category:2000s_serial_killer_films-http://dbpedia.org/resource/Category:American_films-http://dbpedia.org/resource/Category:American_horror_thriller_films-http://dbpedia.org/resource/Category:American_psychological_horror_films-http://dbpedia.org/resource/Category:American_psychological_thriller_films-http://dbpedia.org/resource/Category:American_science_fiction_horror_films-http://dbpedia.org/resource/Category:American_science_fiction_thriller_films-http://dbpedia.org/resource/Category:American_serial_killer_films-http://dbpedia.org/resource/Category:BDSM_in_films-http://dbpedia.org/resource/Category:English-language_films-http://dbpedia.org/resource/Category:Films_about_child_abuse-http://dbpedia.org/resource/Category:Films_about_nightmares-http://dbpedia.org/resource/Category:Films_about_psychopaths-http://dbpedia.org/resource/Category:Films_about_telepresence-http://dbpedia.org/resource/Category:Films_directed_by_Tarsem_Singh-http://dbpedia.org/resource/Category:Films_scored_by_Howard_Shore-http://dbpedia.org/resource/Category:Films_shot_in_Namibia-http://dbpedia.org/resource/Category:Films_with_underwater_settings-http://dbpedia.org/resource/Category:German_films-http://dbpedia.org/resource/Category:German_horror_thriller_films-http://dbpedia.org/resource/Category:German_psychological_thriller_films-http://dbpedia.org/resource/Category:German_science_fiction_horror_films-http://dbpedia.org/resource/Category:German_science_fiction_thriller_films-http://dbpedia.org/resource/Category:New_Line_Cinema_films,na,Tarsem Singh,1.04E8,,English,,,,
Shadow of the Vampire,http://dbpedia.org/resource/Category:2000_comedy_horror_films-http://dbpedia.org/resource/Category:American_multilingual_films-http://dbpedia.org/resource/Category:Films_based_on_urban_legends-http://dbpedia.org/resource/Category:Nosferatu,na,E. Elias Merhige,1.12E7,,English,,,,
Prison of the Dead,http://dbpedia.org/resource/Category:2000_horror_films-http://dbpedia.org/resource/Category:Films_about_zombies,na,David DeCoteau,na,http://dbpedia.org/resource/Charles Band,English,,,,
Unspeakable,http://dbpedia.org/resource/Category:2000_LGBT-related_films-http://dbpedia.org/resource/Category:2000_directorial_debut_films-http://dbpedia.org/resource/Category:2000_films-http://dbpedia.org/resource/Category:2000_horror_films-http://dbpedia.org/resource/Category:2000s_crime_films-http://dbpedia.org/resource/Category:2000s_exploitation_films-http://dbpedia.org/resource/Category:2000s_serial_killer_films-http://dbpedia.org/resource/Category:American_LGBT-related_films-http://dbpedia.org/resource/Category:American_crime_films-http://dbpedia.org/resource/Category:American_films-http://dbpedia.org/resource/Category:American_independent_films-http://dbpedia.org/resource/Category:English-language_films-http://dbpedia.org/resource/Category:Films_about_disability-http://dbpedia.org/resource/Category:Films_about_drugs-http://dbpedia.org/resource/Category:Films_about_homelessness-http://dbpedia.org/resource/Category:Films_about_prostitution_in_the_United_States-http://dbpedia.org/resource/Category:Films_about_rape-http://dbpedia.org/resource/Category:Films_directed_by_Chad_Ferrin-http://dbpedia.org/resource/Category:Films_set_in_Los_Angeles-http://dbpedia.org/resource/Category:Films_shot_in_Los_Angeles-http://dbpedia.org/resource/Category:Incest_in_film-http://dbpedia.org/resource/Category:LGBT-related_horror_films-http://dbpedia.org/resource/Category:Religious_horror_films-http://dbpedia.org/resource/Category:Transgender-related_films-http://dbpedia.org/resource/Category:Troma_Entertainment_films,na,Chad Ferrin,na,http://dbpedia.org/resource/Chad Ferrin,English,,,,
Sanctimony,http://dbpedia.org/resource/Category:2000_films-http://dbpedia.org/resource/Category:2000_horror_films-http://dbpedia.org/resource/Category:2000s_crime_thriller_films-http://dbpedia.org/resource/Category:2000s_horror_thriller_films-http://dbpedia.org/resource/Category:American_films-http://dbpedia.org/resource/Category:English-language_German_films-http://dbpedia.org/resource/Category:English-language_films-http://dbpedia.org/resource/Category:Films_set_in_the_United_States-http://dbpedia.org/resource/Category:Films_shot_in_Vancouver-http://dbpedia.org/resource/Category:German_films,na,Uwe Boll,na,http://dbpedia.org/resource/James Shavick--http://dbpedia.org/resource/Paul Colichman--http://dbpedia.org/resource/Uwe Boll,English,,,,
