"film","number","abstract","starring","name","subjects","cinematography","director","gross","producer","language"
"http://dbpedia.org/resource/Brahms:_The_Boy_II","59850657","Brahms: The Boy II is a 2020 American supernatural horror film starring Katie Holmes, Ralph Ineson, Christopher Convery and Owain Yeoman. A stand-alone sequel to the 2016 film The Boy, it is directed by William Brent Bell and written by Stacey Menear, the respective director and writer of the original film.","--Christopher Convery--Katie Holmes--Owain Yeoman--Ralph Ineson","Brahms: The Boy II","http://dbpedia.org/resource/Category:2020_films-http://dbpedia.org/resource/Category:2020_horror_films-http://dbpedia.org/resource/Category:American_films-http://dbpedia.org/resource/Category:American_horror_films-http://dbpedia.org/resource/Category:English-language_films-http://dbpedia.org/resource/Category:Fictional_dolls_and_dummies-http://dbpedia.org/resource/Category:Films_about_dolls-http://dbpedia.org/resource/Category:Films_directed_by_William_Brent_Bell-http://dbpedia.org/resource/Category:Films_produced_by_Gary_Lucchesi-http://dbpedia.org/resource/Category:Films_produced_by_Roy_Lee-http://dbpedia.org/resource/Category:Films_produced_by_Tom_Rosenberg-http://dbpedia.org/resource/Category:Lakeshore_Entertainment_films-http://dbpedia.org/resource/Category:STX_Entertainment_films","http://dbpedia.org/resource/Karl_Walter_Lindenlaub","http://dbpedia.org/resource/William_Brent_Bell","2.03E7","http://dbpedia.org/resource/Gary_Lucchesi--http://dbpedia.org/resource/Roy_Lee--http://dbpedia.org/resource/Tom_Rosenberg","English"
"http://dbpedia.org/resource/The_Craft:_Legacy","62010614","The Craft: Legacy (also known as Blumhouse's The Craft: Legacy) is a 2020 American supernatural horror film written and directed by Zoe Lister-Jones. It serves as a soft reboot and direct sequel to 1996's The Craft and stars Cailee Spaeny, Gideon Adlon, Lovie Simone and Zoey Luna as four teenage girls who pursue witchcraft and form a coven. It also stars Nicholas Galitzine, Michelle Monaghan and David Duchovny in supporting roles, while Fairuza Balk reprised her role as Nancy Downs from the first film for a cameo appearance.","--Cailee Spaeny--David Duchovny--Gideon Adlon--Lovie Simone--Michelle Monaghan--Nicholas Galitzine--Zoey Luna","The Craft: Legacy","http://dbpedia.org/resource/Category:2020_LGBT-related_films-http://dbpedia.org/resource/Category:2020_fantasy_films-http://dbpedia.org/resource/Category:2020_films-http://dbpedia.org/resource/Category:2020_horror_films-http://dbpedia.org/resource/Category:2020s_fantasy_drama_films-http://dbpedia.org/resource/Category:2020s_feminist_films-http://dbpedia.org/resource/Category:2020s_high_school_films-http://dbpedia.org/resource/Category:2020s_supernatural_horror_films-http://dbpedia.org/resource/Category:2020s_teen_drama_films-http://dbpedia.org/resource/Category:2020s_teen_horror_films-http://dbpedia.org/resource/Category:American_dark_fantasy_films-http://dbpedia.org/resource/Category:American_fantasy_drama_films-http://dbpedia.org/resource/Category:American_feminist_films-http://dbpedia.org/resource/Category:American_films-http://dbpedia.org/resource/Category:American_high_school_films-http://dbpedia.org/resource/Category:American_horror_drama_films-http://dbpedia.org/resource/Category:American_sequel_films-http://dbpedia.org/resource/Category:American_supernatural_horror_films-http://dbpedia.org/resource/Category:American_teen_LGBT-related_films-http://dbpedia.org/resource/Category:American_teen_drama_films-http://dbpedia.org/resource/Category:American_teen_horror_films-http://dbpedia.org/resource/Category:Blumhouse_Productions_films-http://dbpedia.org/resource/Category:Columbia_Pictures_films-http://dbpedia.org/resource/Category:English-language_films-http://dbpedia.org/resource/Category:Films_about_Wicca-http://dbpedia.org/resource/Category:Films_about_bullying-http://dbpedia.org/resource/Category:Films_about_trans_women-http://dbpedia.org/resource/Category:Films_about_witchcraft-http://dbpedia.org/resource/Category:Films_directed_by_Zoe_Lister-Jones-http://dbpedia.org/resource/Category:Films_produced_by_Douglas_Wick-http://dbpedia.org/resource/Category:Films_produced_by_Jason_Blum-http://dbpedia.org/resource/Category:Films_produced_by_Lucy_Fisher-http://dbpedia.org/resource/Category:Films_shot_in_Toronto-http://dbpedia.org/resource/Category:LGBT-related_horror_films-http://dbpedia.org/resource/Category:Male_bisexuality_in_film-http://dbpedia.org/resource/Category:Supernatural_drama_films-http://dbpedia.org/resource/Category:Teen_fantasy_films","na","http://dbpedia.org/resource/Zoe_Lister-Jones","2300000.0","http://dbpedia.org/resource/Douglas_Wick--http://dbpedia.org/resource/Jason_Blum--http://dbpedia.org/resource/Lucy_Fisher","English"
"http://dbpedia.org/resource/The_Grudge_(2020_film)","56868209","The Grudge is a 2020 American supernatural horror film written and directed by Nicolas Pesce, and produced by Sam Raimi, Rob Tapert, and Takashige Ichise. At first announced as a reboot of the 2004 American remake and the original 2002 Japanese horror film Ju-On: The Grudge, the film ended up taking place before and during the events of the 2004 film and its two direct sequels, and is the fourth installment in the American The Grudge film series. The film stars Andrea Riseborough, Demián Bichir, John Cho, Betty Gilpin, Lin Shaye, and Jacki Weaver, and follows a police officer who investigates several murders that are seemingly connected to a single house.","--Andrea Riseborough--Betty Gilpin--Demián Bichir--Jacki Weaver--John Cho--Lin Shaye","The Grudge","http://dbpedia.org/resource/Category:2020_films-http://dbpedia.org/resource/Category:2020_horror_films-http://dbpedia.org/resource/Category:2020s_supernatural_horror_films-http://dbpedia.org/resource/Category:American_films-http://dbpedia.org/resource/Category:American_ghost_films-http://dbpedia.org/resource/Category:American_sequel_films-http://dbpedia.org/resource/Category:American_supernatural_horror_films-http://dbpedia.org/resource/Category:Asian-American_horror_films-http://dbpedia.org/resource/Category:Familicide_in_fiction-http://dbpedia.org/resource/Category:Films_about_curses-http://dbpedia.org/resource/Category:Films_directed_by_Nicolas_Pesce-http://dbpedia.org/resource/Category:Films_produced_by_Sam_Raimi-http://dbpedia.org/resource/Category:Films_scored_by_the_Newton_Brothers-http://dbpedia.org/resource/Category:Films_set_in_2004-http://dbpedia.org/resource/Category:Films_set_in_2005-http://dbpedia.org/resource/Category:Films_set_in_2006-http://dbpedia.org/resource/Category:Films_set_in_Pennsylvania-http://dbpedia.org/resource/Category:Films_set_in_Tokyo-http://dbpedia.org/resource/Category:Films_shot_in_Winnipeg-http://dbpedia.org/resource/Category:Films_with_screenplays_by_Nicolas_Pesce-http://dbpedia.org/resource/Category:Ghost_House_Pictures_films-http://dbpedia.org/resource/Category:Japan_in_non-Japanese_culture-http://dbpedia.org/resource/Category:Murder–suicide_in_films-http://dbpedia.org/resource/Category:Screen_Gems_films-http://dbpedia.org/resource/Category:The_Grudge_(film_series)","na","http://dbpedia.org/resource/Nicolas_Pesce","4.95E7","http://dbpedia.org/resource/Robert_Tapert--http://dbpedia.org/resource/Sam_Raimi","English"
"http://dbpedia.org/resource/Peninsula_(film)","63495965","Peninsula (Korean: 반도; Hanja: 半島; RR: Bando; marketed in North America, British Isles and India as Train to Busan Presents: Peninsula) is a 2020 South Korean action-horror film directed by Yeon Sang-ho. It is a standalone sequel to the 2016 film Train to Busan and follows a soldier who is sent along with his team to retrieve a truck full of money from the wastelands of the Korean peninsula now inhabited by zombies, rogue militia, and a family. The film was released in South Korea on 15 July 2020. It received mixed reviews from critics and has grossed $42.7 million worldwide.","--Gang Dong-won--Lee Jung-hyun--Lee Re","Peninsula","http://dbpedia.org/resource/Category:2020_action_films-http://dbpedia.org/resource/Category:2020_films-http://dbpedia.org/resource/Category:2020_horror_films-http://dbpedia.org/resource/Category:Films_directed_by_Yeon_Sang-ho-http://dbpedia.org/resource/Category:IFC_Films_films-http://dbpedia.org/resource/Category:IMAX_films-http://dbpedia.org/resource/Category:Korean-language_films-http://dbpedia.org/resource/Category:Next_Entertainment_World_films-http://dbpedia.org/resource/Category:South_Korean_action_horror_films-http://dbpedia.org/resource/Category:South_Korean_action_thriller_films-http://dbpedia.org/resource/Category:South_Korean_films-http://dbpedia.org/resource/Category:South_Korean_horror_thriller_films-http://dbpedia.org/resource/Category:South_Korean_post-apocalyptic_films-http://dbpedia.org/resource/Category:South_Korean_zombie_films","na","http://dbpedia.org/resource/Yeon_Sang-ho","4.27E7","","English"
"http://dbpedia.org/resource/Peninsula_(film)","63495965","Peninsula (Korean: 반도; Hanja: 半島; RR: Bando; marketed in North America, British Isles and India as Train to Busan Presents: Peninsula) is a 2020 South Korean action-horror film directed by Yeon Sang-ho. It is a standalone sequel to the 2016 film Train to Busan and follows a soldier who is sent along with his team to retrieve a truck full of money from the wastelands of the Korean peninsula now inhabited by zombies, rogue militia, and a family. The film was released in South Korea on 15 July 2020. It received mixed reviews from critics and has grossed $42.7 million worldwide.","--Gang Dong-won--Lee Jung-hyun--Lee Re","Peninsula","http://dbpedia.org/resource/Category:2020_action_films-http://dbpedia.org/resource/Category:2020_films-http://dbpedia.org/resource/Category:2020_horror_films-http://dbpedia.org/resource/Category:Films_directed_by_Yeon_Sang-ho-http://dbpedia.org/resource/Category:IFC_Films_films-http://dbpedia.org/resource/Category:IMAX_films-http://dbpedia.org/resource/Category:Korean-language_films-http://dbpedia.org/resource/Category:Next_Entertainment_World_films-http://dbpedia.org/resource/Category:South_Korean_action_horror_films-http://dbpedia.org/resource/Category:South_Korean_action_thriller_films-http://dbpedia.org/resource/Category:South_Korean_films-http://dbpedia.org/resource/Category:South_Korean_horror_thriller_films-http://dbpedia.org/resource/Category:South_Korean_post-apocalyptic_films-http://dbpedia.org/resource/Category:South_Korean_zombie_films","na","http://dbpedia.org/resource/Yeon_Sang-ho","4.27E7","","Korean"
"http://dbpedia.org/resource/The_Banishing","67236526","The Banishing is a 2020 British horror film directed by Christopher Smith, starring Jessica Brown Findlay, John Heffernan, John Lynch and Sean Harris. It premiered at the Sitges Film Festival and London FrightFest Film Festival in October 2020, before being released digitally in the United Kingdom on 26 March 2021.","--http://dbpedia.org/resource/Jessica_Brown_Findlay--http://dbpedia.org/resource/John_Heffernan_(actor)--http://dbpedia.org/resource/John_Lynch_(actor)--http://dbpedia.org/resource/Sean_Harris","The Banishing","http://dbpedia.org/resource/Category:2020_horror_films-http://dbpedia.org/resource/Category:2020s_ghost_films-http://dbpedia.org/resource/Category:2020s_supernatural_horror_films-http://dbpedia.org/resource/Category:British_films-http://dbpedia.org/resource/Category:British_ghost_films-http://dbpedia.org/resource/Category:British_horror_films-http://dbpedia.org/resource/Category:British_supernatural_horror_films-http://dbpedia.org/resource/Category:Films_about_Catholic_priests-http://dbpedia.org/resource/Category:Films_directed_by_Christopher_Smith-http://dbpedia.org/resource/Category:Films_set_in_1935-http://dbpedia.org/resource/Category:Films_set_in_1938-http://dbpedia.org/resource/Category:Films_set_in_Baden-Württemberg-http://dbpedia.org/resource/Category:Films_set_in_England","na","http://dbpedia.org/resource/Christopher_Smith_(director)","131564.0","","na"
"http://dbpedia.org/resource/Castle_Freak_(2020_film)","66018456","Castle Freak is a 2020 American direct-to-video horror film that was directed by Tate Steinsiek. It has been billed as a reboot of the 1995 Stuart Gordon film by the same name, which is a loose adaptation of the stories "The Outsider" and "The Dunwich Horror" by H.P. Lovecraft.","Chris Galust--Clair Catherine--Genti Kame--Jake Horowitz--Kika Magalhães--Klodian Hoxha--Klodjana Keco--Omar Shariff Brunson Jr.","Castle Freak","http://dbpedia.org/resource/Category:2020_direct-to-video_films-http://dbpedia.org/resource/Category:2020_films-http://dbpedia.org/resource/Category:2020_horror_films-http://dbpedia.org/resource/Category:2020s_monster_movies-http://dbpedia.org/resource/Category:American_direct-to-video_films-http://dbpedia.org/resource/Category:American_films-http://dbpedia.org/resource/Category:American_monster_movies-http://dbpedia.org/resource/Category:Child_abuse_in_fiction-http://dbpedia.org/resource/Category:Direct-to-video_horror_films-http://dbpedia.org/resource/Category:English-language_films-http://dbpedia.org/resource/Category:Films_based_on_short_fiction-http://dbpedia.org/resource/Category:Films_based_on_works_by_H._P._Lovecraft-http://dbpedia.org/resource/Category:Films_set_in_Albania-http://dbpedia.org/resource/Category:Films_set_in_castles","na","http://dbpedia.org/resource/Tate_Steinsiek","na","http://dbpedia.org/resource/Barbara_Crampton--http://dbpedia.org/resource/Charles_Band","English"
"http://dbpedia.org/resource/Death_of_Me_(film)","64971573","Death of Me is a 2020 American horror film, directed by Darren Lynn Bousman, from a screenplay by Arli Margolis, James Morley III and David Tish. It stars Maggie Q, Alex Essoe, and Luke Hemsworth. It was released on October 2, 2020, by Saban Films.","--Luke Hemsworth--Maggie Q","Death of Me","http://dbpedia.org/resource/Category:2020_films-http://dbpedia.org/resource/Category:2020_horror_films-http://dbpedia.org/resource/Category:American_films-http://dbpedia.org/resource/Category:American_horror_films-http://dbpedia.org/resource/Category:Films_about_couples-http://dbpedia.org/resource/Category:Films_about_security_and_surveillance-http://dbpedia.org/resource/Category:Films_about_vacationing-http://dbpedia.org/resource/Category:Films_directed_by_Darren_Lynn_Bousman-http://dbpedia.org/resource/Category:Films_set_in_Thailand-http://dbpedia.org/resource/Category:Films_shot_in_Thailand-http://dbpedia.org/resource/Category:Saban_Films_films-http://dbpedia.org/resource/Category:Uxoricide_in_fiction","na","http://dbpedia.org/resource/Darren_Lynn_Bousman","na","","English"
"http://dbpedia.org/resource/Guest_(2020_film)","67737363","Guest is a 2020 British psychological horror short film directed and written by . The film premiered on 27 August 2020 at FrightFest and, on 24 December 2020, was uploaded to YouTube. Upon release, the film received very positive reviews from critics, praising the film's direction, cinematography, monster design and special effects.","--Anna Fraser--Jessica Munna--Melania Crisan","Guest","http://dbpedia.org/resource/Category:2020_films-http://dbpedia.org/resource/Category:British_films-http://dbpedia.org/resource/Category:British_horror_films","na","na","na","","English"
"http://dbpedia.org/resource/Guest_(2020_film)","67737363","Guest is a 2020 British psychological horror short film directed and written by . The film premiered on 27 August 2020 at FrightFest and, on 24 December 2020, was uploaded to YouTube. Upon release, the film received very positive reviews from critics, praising the film's direction, cinematography, monster design and special effects.","--Anna Fraser--Jessica Munna--Melania Crisan","Guest","http://dbpedia.org/resource/Category:2020_horror_films-http://dbpedia.org/resource/Category:2020_short_films-http://dbpedia.org/resource/Category:2020s_psychological_horror_films-http://dbpedia.org/resource/Category:British_horror_films-http://dbpedia.org/resource/Category:British_short_films-http://dbpedia.org/resource/Category:English-language_films","na","na","na","","English"
"http://dbpedia.org/resource/The_Old_Ways","67507421","The Old Ways is a 2020 American horror film directed by Christopher Alender. It stars Brigitte Kali Canales as Cristina Lopez, a Mexican-American reporter who returns to her hometown near Veracruz in search of a story on witchcraft. There, she is kidnapped by a group of locals, including a bruja (a female practitioner of witchcraft), who believe her to be possessed by a demon. The Old Ways had its world premiere at the Sitges Film Festival in October 2020.","--AJ Bowen--Andrea Cortés--Brigitte Kali Canales--Julia Vera--Sal Lopez","The Old Ways","http://dbpedia.org/resource/Category:2020_horror_films-http://dbpedia.org/resource/Category:American_films-http://dbpedia.org/resource/Category:American_horror_films-http://dbpedia.org/resource/Category:Demons_in_film-http://dbpedia.org/resource/Category:Films_about_exorcism-http://dbpedia.org/resource/Category:Films_about_witchcraft-http://dbpedia.org/resource/Category:Films_set_in_Mexico-http://dbpedia.org/resource/Category:Hispanic_and_Latino_American_horror_films","na","na","na","",""
"http://dbpedia.org/resource/Haunted_Hills","63081015","Haunted Hills (transl. हॉन्टेड हिल्स) is an Indian Hindi-language horror romantic film, written and directed by Sanjeev Kumar Rajput. The films stars Zuber K. Khan and Diana Khan in the lead roles.","Diana Khan--Gavie Chahal--Surendra Pal Singh--http://dbpedia.org/resource/Zuber_K._Khan","Haunted Hills","http://dbpedia.org/resource/Category:2020_films-http://dbpedia.org/resource/Category:2020_horror_films-http://dbpedia.org/resource/Category:2020_romance_films-http://dbpedia.org/resource/Category:2020s_Hindi-language_films-http://dbpedia.org/resource/Category:Films_set_in_Mumbai-http://dbpedia.org/resource/Category:Indian_films-http://dbpedia.org/resource/Category:Indian_romantic_horror_films","na","na","na","","http://dbpedia.org/resource/Hindi_language"
"http://dbpedia.org/resource/The_Last_Matinee","66432782","The Last Matinee (Spanish: Al morir la matinée) is a 2020 Spanish-language horror film directed by Maximiliano Contenti. An international co-production of Uruguay and Argentina, the film stars Luciana Grasso, Ricardo Islas, Julieta Spinelli and Franco Durán. It premiered in Uruguay in September 2020.","--Franco Durán--Julieta Spinelli--Luciana Grasso--Ricardo Islas","The Last Matinee","http://dbpedia.org/resource/Category:2020_films-http://dbpedia.org/resource/Category:2020_horror_films-http://dbpedia.org/resource/Category:Films_shot_in_Uruguay-http://dbpedia.org/resource/Category:Uruguayan_films-http://dbpedia.org/resource/Category:Uruguayan_horror_films","na","na","na","","Spanish"
"http://dbpedia.org/resource/My_Heart_Can't_Beat_Unless_You_Tell_It_To","62990658","My Heart Can't Beat Unless You Tell It To is a 2020 American psychological horror drama film written and directed by Jonathan Cuartas and starring Patrick Fugit, Ingrid Sophie Schram, and Owen Campbell.","--Owen Campbell--Patrick Fugit","My Heart Can't Beat Unless You Tell It To","http://dbpedia.org/resource/Category:2020_films-http://dbpedia.org/resource/Category:2020_horror_films-http://dbpedia.org/resource/Category:American_films-http://dbpedia.org/resource/Category:American_horror_films-http://dbpedia.org/resource/Category:English-language_films-http://dbpedia.org/resource/Category:Films_postponed_due_to_the_COVID-19_pandemic-http://dbpedia.org/resource/Category:Films_shot_in_Salt_Lake_City-http://dbpedia.org/resource/Category:Spanish-language_films","na","na","na","","Spanish"
"http://dbpedia.org/resource/The_Superdeep","65691120","The Superdeep (Russian: Кольская сверхглубокая) is a 2020 Russian horror film directed by Arseny Syuhin, based on the real-life Kola Superdeep Borehole. The film focuses on a group of researchers and soldiers who investigate the mystery surrounding reports of a disease outbreak at a secret underground research facility in 1984 Russia.","--Kirill Kovbas--Maksim Radugin--Milena Radulovic--Nikita Dyuvbanov--Vadim Demchog","The Superdeep","http://dbpedia.org/resource/Category:2020_films-http://dbpedia.org/resource/Category:2020_horror_films-http://dbpedia.org/resource/Category:Russian-language_films-http://dbpedia.org/resource/Category:Russian_films-http://dbpedia.org/resource/Category:Russian_science_fiction_horror_films","na","na","na","",""
"http://dbpedia.org/resource/They're_Outside","66538594","They're Outside is a 2020 horror movie that was directed by Sam Casserly and Airell Anthony Hayles, the latter of whom also wrote the film's script. The film had a digital premiere at the August 2020 edition of FrightFest.","Brad Moore--Chrissy Randall--Emily Booth--Emma Burdon-Sutton--Jon-Paul Gates--Nicholas Vince--Nicole Miners--Rob Craine--Tom Wheatley","They're Outside","http://dbpedia.org/resource/Category:2020_horror_films-http://dbpedia.org/resource/Category:British_horror_films-http://dbpedia.org/resource/Category:Films_shot_in_East_Sussex-http://dbpedia.org/resource/Category:Folk_horror_films-http://dbpedia.org/resource/Category:Found_footage_films","na","na","na","","English"
"http://dbpedia.org/resource/Fantasy_Island_(film)","58716249","Fantasy Island, also known as Blumhouse's Fantasy Island, is a 2020 American supernatural horror film directed and co-written by Jeff Wadlow. Serving both as a horror reimagining and a prequel to ABC's 1977 television series of the same name, it stars Michael Peña, Maggie Q, Lucy Hale, Austin Stowell, Jimmy O. Yang, Ryan Hansen, Portia Doubleday, and Michael Rooker and follows a group of people who, while visiting the eponymous island, discover that their dream fantasies brought to life begin to turn into horrific living nightmares they must try to survive.","--Austin Stowell--Jimmy O. Yang--Lucy Hale--Maggie Q--Michael Peña--Michael Rooker--Portia Doubleday--Ryan Hansen","Fantasy Island","http://dbpedia.org/resource/Category:2020_fantasy_films-http://dbpedia.org/resource/Category:2020_films-http://dbpedia.org/resource/Category:2020_horror_films-http://dbpedia.org/resource/Category:2020s_fantasy_adventure_films-http://dbpedia.org/resource/Category:2020s_supernatural_horror_films-http://dbpedia.org/resource/Category:American_fantasy_adventure_films-http://dbpedia.org/resource/Category:American_films-http://dbpedia.org/resource/Category:American_supernatural_horror_films-http://dbpedia.org/resource/Category:American_zombie_films-http://dbpedia.org/resource/Category:Blumhouse_Productions_films-http://dbpedia.org/resource/Category:Columbia_Pictures_films-http://dbpedia.org/resource/Category:Fantasy_Island-http://dbpedia.org/resource/Category:Films_based_on_television_series-http://dbpedia.org/resource/Category:Films_directed_by_Jeff_Wadlow-http://dbpedia.org/resource/Category:Films_produced_by_Jason_Blum-http://dbpedia.org/resource/Category:Films_scored_by_Bear_McCreary-http://dbpedia.org/resource/Category:Films_set_on_islands-http://dbpedia.org/resource/Category:Films_shot_in_Fiji-http://dbpedia.org/resource/Category:Holiday_horror_films-http://dbpedia.org/resource/Category:Jungle_adventure_films-http://dbpedia.org/resource/Category:Prequel_films","http://dbpedia.org/resource/Toby_Oliver","http://dbpedia.org/resource/Jeff_Wadlow","4.88E7","http://dbpedia.org/resource/Jason_Blum--http://dbpedia.org/resource/Jeff_Wadlow","English"
"http://dbpedia.org/resource/The_Rental","60519186","The Rental is a 2020 American horror film written, produced and directed by Dave Franco, in his feature directorial debut. Franco co-wrote the screenplay with Joe Swanberg from a story by Franco, Swanberg, and Mike Demski. It stars Dan Stevens, Alison Brie, Sheila Vand, Jeremy Allen White, and Toby Huss, and follows two couples who begin to suspect they are being watched in the house they rented.","--Alison Brie--Dan Stevens--Jeremy Allen White--Sheila Vand--Toby Huss","The Rental","http://dbpedia.org/resource/Category:2020_directorial_debut_films-http://dbpedia.org/resource/Category:2020_horror_films-http://dbpedia.org/resource/Category:2020s_psychological_horror_films-http://dbpedia.org/resource/Category:American_films-http://dbpedia.org/resource/Category:American_horror_thriller_films-http://dbpedia.org/resource/Category:American_psychological_horror_films-http://dbpedia.org/resource/Category:English-language_films-http://dbpedia.org/resource/Category:Films_about_couples-http://dbpedia.org/resource/Category:Films_about_security_and_surveillance-http://dbpedia.org/resource/Category:Films_about_vacationing-http://dbpedia.org/resource/Category:Films_set_in_Oregon-http://dbpedia.org/resource/Category:Films_shot_in_Oregon-http://dbpedia.org/resource/Category:IFC_Films_films","na","http://dbpedia.org/resource/Dave_Franco","3400000.0","http://dbpedia.org/resource/Ben_Stillman--http://dbpedia.org/resource/Dave_Franco--http://dbpedia.org/resource/Joe_Swanberg--http://dbpedia.org/resource/Teddy_Schwarzman","English"
"http://dbpedia.org/resource/The_Rental","60519186","The Rental is a 2020 American horror film written, produced and directed by Dave Franco, in his feature directorial debut. Franco co-wrote the screenplay with Joe Swanberg from a story by Franco, Swanberg, and Mike Demski. It stars Dan Stevens, Alison Brie, Sheila Vand, Jeremy Allen White, and Toby Huss, and follows two couples who begin to suspect they are being watched in the house they rented.","--Alison Brie--Dan Stevens--Jeremy Allen White--Sheila Vand--Toby Huss","The Rental","http://dbpedia.org/resource/Category:2020_directorial_debut_films-http://dbpedia.org/resource/Category:2020_horror_films-http://dbpedia.org/resource/Category:2020s_psychological_horror_films-http://dbpedia.org/resource/Category:English-language_films-http://dbpedia.org/resource/Category:Films_about_couples-http://dbpedia.org/resource/Category:Films_about_security_and_surveillance-http://dbpedia.org/resource/Category:Films_about_vacationing-http://dbpedia.org/resource/Category:Films_set_in_Oregon-http://dbpedia.org/resource/Category:Films_shot_in_Oregon-http://dbpedia.org/resource/Category:IFC_Films_films","na","http://dbpedia.org/resource/Dave_Franco","3400000.0","http://dbpedia.org/resource/Dave_Franco","English"
"http://dbpedia.org/resource/Relic_(2020_film)","63342411","Relic is a 2020 Australian psychological horror film directed by Natalie Erika James from a screenplay by James and Christian White. The film stars Emily Mortimer, Robyn Nevin, and Bella Heathcote. Relic had its world premiere at the Sundance Film Festival on 25 January 2020, and was released on 3 July 2020 in the United States by IFC Midnight, and July 10 in Australia on Stan.","--Bella Heathcote--Emily Mortimer--Robyn Nevin","Relic","http://dbpedia.org/resource/Category:2020_drama_films-http://dbpedia.org/resource/Category:2020_films-http://dbpedia.org/resource/Category:2020_horror_films-http://dbpedia.org/resource/Category:2020s_horror_drama_films-http://dbpedia.org/resource/Category:2020s_psychological_horror_films-http://dbpedia.org/resource/Category:American_films-http://dbpedia.org/resource/Category:American_horror_drama_films-http://dbpedia.org/resource/Category:Australian_films-http://dbpedia.org/resource/Category:Australian_horror_drama_films-http://dbpedia.org/resource/Category:IFC_Films_films-http://dbpedia.org/resource/Category:Stan_(service)_original_films","na","na","2200000.0","http://dbpedia.org/resource/Jake_Gyllenhaal","English"
"http://dbpedia.org/resource/Shortcut_(2020_film)","65353025","Shortcut is a 2020 horror film directed by Alessio Liguori. The film premiered at the 2020 Giffoni Film Festival and was released in the United States on 25 September 2020 by Gravitas Ventures.","--Jack Kane--Molly Dew--Sophie Jane Oliver--Zak Sutcliffe--Zanda Emlano","Shortcut","http://dbpedia.org/resource/Category:2020_films-http://dbpedia.org/resource/Category:2020_horror_films-http://dbpedia.org/resource/Category:English-language_Italian_films-http://dbpedia.org/resource/Category:Films_directed_by_Alessio_Liguori-http://dbpedia.org/resource/Category:Italian_films-http://dbpedia.org/resource/Category:Italian_horror_films","na","na","793084.0","","English"
"http://dbpedia.org/resource/Kaali_Khuhi","65622763","Kaali Khuhi is an Indian Hindi-language Horror film directed by Terrie Samundra, written by Terrie Samundra and David Walter Lech and starring Shabana Azmi, Sanjeeda Sheikh, Riva Arora and Satyadeep Mishra. The plot revolves around the girl Shivangi who is 10 years old who is trying to save the village where her family resides from ghosts.","--Leela Samson--Riva Arora--Sanjeeda Sheikh--Satyadeep Mishra--Shabana Azmi","Kaali Khuhi","http://dbpedia.org/resource/Category:2020_films-http://dbpedia.org/resource/Category:2020_horror_films-http://dbpedia.org/resource/Category:Films_set_in_Punjab,_India-http://dbpedia.org/resource/Category:Hindi-language_Netflix_original_films-http://dbpedia.org/resource/Category:Hindi-language_films-http://dbpedia.org/resource/Category:Indian_films-http://dbpedia.org/resource/Category:Indian_horror_films","http://dbpedia.org/resource/Sejal_Shah","na","na","","Hindi"
"http://dbpedia.org/resource/Nocturne_(2020_film)","61927511","Nocturne is a 2020 American supernatural horror film written and directed by Zu Quirke. The film stars Sydney Sweeney, Madison Iseman, Jacques Colimon and Ivan Shaw. Jason Blum serves as a producer under his Blumhouse Television banner. The film stars Sweeney as Juliet Lowe, a pianist in her last year of high school who is jealous because she is constantly overshadowed by her twin sister. It was released on October 13, 2020, by Amazon Studios, as the fourth installment in the anthological Welcome to the Blumhouse film series.","--Jacques Colimon--http://dbpedia.org/resource/Ivan_Shaw--http://dbpedia.org/resource/Madison_Iseman--http://dbpedia.org/resource/Sydney_Sweeney","Nocturne","http://dbpedia.org/resource/Category:2020_horror_films-http://dbpedia.org/resource/Category:Amazon_Studios_films-http://dbpedia.org/resource/Category:American_films-http://dbpedia.org/resource/Category:American_supernatural_horror_films-http://dbpedia.org/resource/Category:Blumhouse_Productions_films-http://dbpedia.org/resource/Category:Films_produced_by_Jason_Blum","na","na","na","http://dbpedia.org/resource/Jason_Blum","English"
"http://dbpedia.org/resource/Sacrifice_(2020_film)","67737479","Sacrifice is a 2020 horror film. Based on the short story "Men of the Cloth" by Paul Kane, the film is a Lovecraftian horror.","--Barbara Crampton--Ludovic Hughes--Lukas Loughran--Sophie Stevens","Sacrifice","http://dbpedia.org/resource/Category:2020_films-http://dbpedia.org/resource/Category:2020_horror_films-http://dbpedia.org/resource/Category:2020_independent_films-http://dbpedia.org/resource/Category:British_horror_films-http://dbpedia.org/resource/Category:British_independent_films","na","na","na","","English"
"http://dbpedia.org/resource/Skull:_The_Mask","64049465","Skull: The Mask (Portuguese: Skull: A Máscara de Anhangá) is a 2020 slasher film written and directed by Armando Fonseca and Kapel Furman. It stars Natallia Rodrigues as a detective investigating the ancient mask of Anhangá—a vassal of a pre-Columbian god—who is incarnated and embarks on a sacrificial killing spree. The film is an international co-production of Brazil and the United States. Skull: The Mask premiered digitally as part of the Chattanooga Film Festival on 22 May 2020. The film will be made available for streaming on Shudder on 27 May 2021.","--Ivo Müller--Natallia Rodrigues--Ricardo Gelli--Tristan Aronovich--Wilton Andrade","Skull: The Mask","http://dbpedia.org/resource/Category:2020_films-http://dbpedia.org/resource/Category:2020_horror_films-http://dbpedia.org/resource/Category:2020s_slasher_films-http://dbpedia.org/resource/Category:American_films-http://dbpedia.org/resource/Category:American_slasher_films-http://dbpedia.org/resource/Category:Brazilian_films-http://dbpedia.org/resource/Category:Brazilian_horror_films-http://dbpedia.org/resource/Category:Brazilian_mythology_in_popular_culture-http://dbpedia.org/resource/Category:Films_set_in_São_Paulo","na","na","na","","Portuguese"
"http://dbpedia.org/resource/The_Pale_Door","61156413","The Pale Door is a 2020 American Western horror film directed by Aaron B. Koontz and written by Cameron Burns, Keith Lansdale, and Koontz, with Joe R. Lansdale as executive producer. It stars Devin Druid, Zachary Knighton, Melora Walters, Bill Sage, Pat Healy, Stan Shaw, Natasha Bassett, Noah Segan, and Tina Parker.","--Bill Sage--Devin Druid--Melora Walters--Natasha Bassett--Noah Segan--Pat Healy--Stan Shaw--Tina Parker--Zachary Knighton","The Pale Door","http://dbpedia.org/resource/Category:2020_films-http://dbpedia.org/resource/Category:2020_horror_films-http://dbpedia.org/resource/Category:2020_independent_films-http://dbpedia.org/resource/Category:2020s_Western_(genre)_horror_films-http://dbpedia.org/resource/Category:American_Western_(genre)_horror_films-http://dbpedia.org/resource/Category:American_films-http://dbpedia.org/resource/Category:American_independent_films-http://dbpedia.org/resource/Category:American_psychological_horror_films-http://dbpedia.org/resource/Category:American_supernatural_horror_films-http://dbpedia.org/resource/Category:English-language_films-http://dbpedia.org/resource/Category:Films_about_witchcraft-http://dbpedia.org/resource/Category:Films_shot_in_Oklahoma-http://dbpedia.org/resource/Category:Works_by_Joe_R._Lansdale","na","na","21166.0","","English"
"http://dbpedia.org/resource/Unsubscribe_(film)","64587745","Unsubscribe is a 2020 horror film created by filmmaker Christian Nilsson and YouTuber Eric Tabach. It stars Tabach, Charlie Tahan and YouTuber Michelle Khare, and other successful YouTubers like Thomas Brag and Zach Kornfeld. The 29-minute film follows five famous YouTubers who are tricked into joining an online call, only to find themselves stalked and hunted by an internet troll on camera.","--Eric Tabach--http://dbpedia.org/resource/Charlie_Tahan--http://dbpedia.org/resource/Michelle_Khare","Unsubscribe","http://dbpedia.org/resource/Category:2020_films-http://dbpedia.org/resource/Category:2020_horror_films-http://dbpedia.org/resource/Category:2020_short_films-http://dbpedia.org/resource/Category:American_films-http://dbpedia.org/resource/Category:American_short_films","na","na","25488.0","","na"
"http://dbpedia.org/resource/A_Babysitter's_Guide_to_Monster_Hunting","65392111","A Babysitter's Guide to Monster Hunting is a 2020 American family horror film directed by Rachel Talalay and distributed by Netflix. The film was written by Joe Ballarini and is based on his three-part book trilogy of the same name. It stars Tom Felton, Indya Moore, Tamara Smart and Oona Laurence.","--Ian Ho--Lynn Masako Cheng--Oona Laurence--Tamara Smart--Troy Leigh-Anne Johnson--Ty Consiglio--http://dbpedia.org/resource/Tom_Felton","A Babysitter's Guide to Monster Hunting","http://dbpedia.org/resource/Category:2020_films-http://dbpedia.org/resource/Category:2020_horror_films-http://dbpedia.org/resource/Category:American_films-http://dbpedia.org/resource/Category:American_monster_movies-http://dbpedia.org/resource/Category:English-language_Netflix_original_films-http://dbpedia.org/resource/Category:English-language_films-http://dbpedia.org/resource/Category:Films_directed_by_Rachel_Talalay-http://dbpedia.org/resource/Category:Films_scored_by_Matthew_Margeson-http://dbpedia.org/resource/Category:Halloween_horror_films-http://dbpedia.org/resource/Category:Walden_Media_films","http://dbpedia.org/resource/Gregory_Middleton","http://dbpedia.org/resource/Rachel_Talalay","na","http://dbpedia.org/resource/Ivan_Reitman","English"
"http://dbpedia.org/resource/The_Beast_Beneath","64784369","The Beast Beneath is a 2020 American made-for-television horror film written and directed by Dustin Ferguson, starring Mel Novak and Brinke Stevens. It premiered on After Hours Cinema on WGUD-TV August 7, 2020.","Jennifer Nangle--Shawn C. Phillips--Sheri Davis--http://dbpedia.org/resource/Brinke_Stevens--http://dbpedia.org/resource/Mel_Novak","The Beast Beneath","http://dbpedia.org/resource/Category:2020_films-http://dbpedia.org/resource/Category:2020_horror_films-http://dbpedia.org/resource/Category:2020_television_films-http://dbpedia.org/resource/Category:American_films-http://dbpedia.org/resource/Category:English-language_films","na","http://dbpedia.org/resource/Dustin_Ferguson","na","http://dbpedia.org/resource/Dustin_Ferguson","English"
"http://dbpedia.org/resource/Violation_(film)","66282942","Violation is a 2020 Canadian drama horror film directed and written by Madeleine Sims-Fewer and Dusty Mancinelli. It is the feature film debut of the two directors, who have collaborated on several short films displayed at film festivals worldwide. The film stars Madeleine Sims-Fewer, Anna Maguire, Jesse LaVercombe, Obi Abili, Jasmin Geljo and Cynthia Ashperger. The film premiered at the 2020 Toronto International Film Festival. It had its US premiere at the 2021 Sundance Film Festival on February 1, 2021.","--Anna Maguire--Cynthia Ashperger--Jasmin Geljo--Jesse LaVercombe--Madeleine Sims-Fewer--Obi Abili","Violation","http://dbpedia.org/resource/Category:2020_directorial_debut_films-http://dbpedia.org/resource/Category:2020_drama_films-http://dbpedia.org/resource/Category:2020_films-http://dbpedia.org/resource/Category:2020_horror_films-http://dbpedia.org/resource/Category:2020s_horror_drama_films-http://dbpedia.org/resource/Category:Canadian_films-http://dbpedia.org/resource/Category:Canadian_horror_drama_films-http://dbpedia.org/resource/Category:Shudder_(streaming_service)_original_programming","na","http://dbpedia.org/resource/Dusty_Mancinelli","na","http://dbpedia.org/resource/Dusty_Mancinelli--http://dbpedia.org/resource/Madeleine_Sims-Fewer","English"
"http://dbpedia.org/resource/Ghost_Stories_(2020_film)","61836448","Ghost Stories is a 2020 Indian Hindi-language anthology horror film, consisting of four short film segments directed by Karan Johar, Dibakar Banerjee, Zoya Akhtar and Anurag Kashyap. It is co-produced by Ronnie Screwvala and Ashi Dua under their production banner RSVP Movies and Flying Unicorn Entertainment respectively. The film features an ensemble cast including Mrunal Thakur, Avinash Tiwary, Janhvi Kapoor, Raghuvir Yadav, Sobhita Dhulipala, Vijay Varma and Pavail Gulati. It was released on Netflix on January 1, 2020.","--Anish Bamne--Pavail Gulati--http://dbpedia.org/resource/Avinash_Tiwary--http://dbpedia.org/resource/Gulshan_Devaiah--http://dbpedia.org/resource/Janhvi_Kapoor--http://dbpedia.org/resource/Mrunal_Thakur--http://dbpedia.org/resource/Raghuvir_Yadav--http://dbpedia.org/resource/Sobhita_Dhulipala--http://dbpedia.org/resource/Surekha_Sikri","Ghost Stories","http://dbpedia.org/resource/Category:2020_direct-to-video_films-http://dbpedia.org/resource/Category:2020_films-http://dbpedia.org/resource/Category:2020_horror_films-http://dbpedia.org/resource/Category:Films_directed_by_Anurag_Kashyap-http://dbpedia.org/resource/Category:Films_directed_by_Dibakar_Banerjee-http://dbpedia.org/resource/Category:Films_directed_by_Karan_Johar-http://dbpedia.org/resource/Category:Films_directed_by_Zoya_Akhtar-http://dbpedia.org/resource/Category:Hindi-language_Netflix_original_films-http://dbpedia.org/resource/Category:Indian_anthology_films-http://dbpedia.org/resource/Category:Indian_direct-to-video_films-http://dbpedia.org/resource/Category:Indian_films-http://dbpedia.org/resource/Category:Indian_horror_anthology_films","na","http://dbpedia.org/resource/Anurag_Kashyap","na","http://dbpedia.org/resource/Ronnie_Screwvala","Hindi"
"http://dbpedia.org/resource/Ghost_Stories_(2020_film)","61836448","Ghost Stories is a 2020 Indian Hindi-language anthology horror film, consisting of four short film segments directed by Karan Johar, Dibakar Banerjee, Zoya Akhtar and Anurag Kashyap. It is co-produced by Ronnie Screwvala and Ashi Dua under their production banner RSVP Movies and Flying Unicorn Entertainment respectively. The film features an ensemble cast including Mrunal Thakur, Avinash Tiwary, Janhvi Kapoor, Raghuvir Yadav, Sobhita Dhulipala, Vijay Varma and Pavail Gulati. It was released on Netflix on January 1, 2020.","--Anish Bamne--Pavail Gulati--http://dbpedia.org/resource/Avinash_Tiwary--http://dbpedia.org/resource/Gulshan_Devaiah--http://dbpedia.org/resource/Janhvi_Kapoor--http://dbpedia.org/resource/Mrunal_Thakur--http://dbpedia.org/resource/Raghuvir_Yadav--http://dbpedia.org/resource/Sobhita_Dhulipala--http://dbpedia.org/resource/Surekha_Sikri","Ghost Stories","http://dbpedia.org/resource/Category:2020_direct-to-video_films-http://dbpedia.org/resource/Category:2020_films-http://dbpedia.org/resource/Category:2020_horror_films-http://dbpedia.org/resource/Category:Films_directed_by_Anurag_Kashyap-http://dbpedia.org/resource/Category:Films_directed_by_Dibakar_Banerjee-http://dbpedia.org/resource/Category:Films_directed_by_Karan_Johar-http://dbpedia.org/resource/Category:Films_directed_by_Zoya_Akhtar-http://dbpedia.org/resource/Category:Hindi-language_Netflix_original_films-http://dbpedia.org/resource/Category:Indian_anthology_films-http://dbpedia.org/resource/Category:Indian_direct-to-video_films-http://dbpedia.org/resource/Category:Indian_films-http://dbpedia.org/resource/Category:Indian_horror_anthology_films","na","http://dbpedia.org/resource/Zoya_Akhtar","na","http://dbpedia.org/resource/Ronnie_Screwvala","Hindi"
"http://dbpedia.org/resource/Cadaver_(2020_film)","65648647","Cadaver (Norwegian: Kadaver) is a 2020 Norwegian horror film directed and written by Jarand Herdal and starring Gitte Witt, Thomas Gullestad and Thorbjørn Harr.","--Gitte Witt--Thomas Gullestad--Thorbjørn Harr","Cadaver","http://dbpedia.org/resource/Category:2020_films-http://dbpedia.org/resource/Category:2020_horror_films-http://dbpedia.org/resource/Category:Norwegian-language_Netflix_original_films-http://dbpedia.org/resource/Category:Norwegian_horror_films","na","na","na","","Norwegian"
"http://dbpedia.org/resource/The_Call_(2020_American_film)","65415092","The Call is a 2020 American horror film directed by Timothy Woodward Jr. and starring Lin Shaye, Tobin Bell, Erin Sanders, and Chester Rushing. The film was written by Patrick Stibbs.","--Chester Rushing--Lin Shaye--Tobin Bell","The Call","http://dbpedia.org/resource/Category:2020_films-http://dbpedia.org/resource/Category:2020_horror_films-http://dbpedia.org/resource/Category:American_films-http://dbpedia.org/resource/Category:American_horror_films","na","http://dbpedia.org/resource/Timothy_Woodward_Jr.","726427.0","","English"
"http://dbpedia.org/resource/May_the_Devil_Take_You_Too","65812329","May the Devil Take You Too (Indonesian: Sebelum Iblis Menjemput Ayat 2, lit. 'Before the Devil Picked up: Verse Two'), also referred to as May the Devil Take You: Chapter Two, is a 2020 horror-fantasy film directed and written by Timo Tjahjanto. The sequel to the 2018 film May the Devil Take You and Tjahjanto has announced plans for a third installment in the series.","Chelsea IslanWidika SidmoreHadijah ShahabBaskara MahendraShareefa Daanish","May the Devil Take You Too","http://dbpedia.org/resource/Category:2020_fantasy_films-http://dbpedia.org/resource/Category:2020_films-http://dbpedia.org/resource/Category:2020_horror_films-http://dbpedia.org/resource/Category:Demons_in_film-http://dbpedia.org/resource/Category:Fiction_about_monsters-http://dbpedia.org/resource/Category:Indonesian-language_films-http://dbpedia.org/resource/Category:Indonesian_dark_fantasy_films-http://dbpedia.org/resource/Category:Shudder_(streaming_service)_original_programming","na","http://dbpedia.org/resource/Timo_Tjahjanto","na","","Indonesian"
"http://dbpedia.org/resource/The_Old_Ways","67507421","The Old Ways is a 2020 American horror film directed by Christopher Alender. It stars Brigitte Kali Canales as Cristina Lopez, a Mexican-American reporter who returns to her hometown near Veracruz in search of a story on witchcraft. There, she is kidnapped by a group of locals, including a bruja (a female practitioner of witchcraft), who believe her to be possessed by a demon. The Old Ways had its world premiere at the Sitges Film Festival in October 2020.","--AJ Bowen--Andrea Cortés--Brigitte Kali Canales--Julia Vera--Sal Lopez","The Old Ways","http://dbpedia.org/resource/Category:2020_horror_films-http://dbpedia.org/resource/Category:American_films-http://dbpedia.org/resource/Category:American_horror_films-http://dbpedia.org/resource/Category:Demons_in_film-http://dbpedia.org/resource/Category:Films_about_exorcism-http://dbpedia.org/resource/Category:Films_about_witchcraft-http://dbpedia.org/resource/Category:Films_set_in_Mexico-http://dbpedia.org/resource/Category:Hispanic_and_Latino_American_horror_films","na","na","na","","Spanish"
"http://dbpedia.org/resource/The_Superdeep","65691120","The Superdeep (Russian: Кольская сверхглубокая) is a 2020 Russian horror film directed by Arseny Syuhin, based on the real-life Kola Superdeep Borehole. The film focuses on a group of researchers and soldiers who investigate the mystery surrounding reports of a disease outbreak at a secret underground research facility in 1984 Russia.","--Kirill Kovbas--Maksim Radugin--Milena Radulovic--Nikita Dyuvbanov--Vadim Demchog","The Superdeep","http://dbpedia.org/resource/Category:2020_films-http://dbpedia.org/resource/Category:2020_horror_films-http://dbpedia.org/resource/Category:Russian-language_films-http://dbpedia.org/resource/Category:Russian_films-http://dbpedia.org/resource/Category:Russian_science_fiction_horror_films","na","na","na","","Russian"
"http://dbpedia.org/resource/They_Live_Inside_Us","61965427","They Live Inside Us is an American independent horror film written and directed by Michael Ballif, and produced by Ballif, James Morris, Allen Bradford, and Jordan Swenson. It is an adaptation of episode #4 of The Witching Season anthology series, and once again stars James Morris in the lead role.","Emily Broschinsky--Hailey Nebeker,--James Morris--Stevie Dutson","They Live Inside Us","http://dbpedia.org/resource/Category:2020_films-http://dbpedia.org/resource/Category:2020_horror_films-http://dbpedia.org/resource/Category:2020_independent_films-http://dbpedia.org/resource/Category:American_films-http://dbpedia.org/resource/Category:American_horror_anthology_films-http://dbpedia.org/resource/Category:Anthology_film_series-http://dbpedia.org/resource/Category:Films_about_writers-http://dbpedia.org/resource/Category:Films_shot_in_Utah-http://dbpedia.org/resource/Category:Halloween_horror_films","na","na","na","","English"
"http://dbpedia.org/resource/The_Dark_and_the_Wicked","65074569","The Dark and the Wicked is a 2020 American horror film written and directed by Bryan Bertino. It stars Marin Ireland, Michael Abbott Jr. and Xander Berkeley. The film had its world premiere at the Fantasia International Film Festival on August 28, 2020. It was released on November 6, 2020, by RLJE Films.","--Marin Ireland--Michael Abbott Jr.--Xander Berkeley","The Dark and the Wicked","http://dbpedia.org/resource/Category:2020_films-http://dbpedia.org/resource/Category:2020_horror_films-http://dbpedia.org/resource/Category:American_films-http://dbpedia.org/resource/Category:American_supernatural_horror_films-http://dbpedia.org/resource/Category:Demons_in_film","na","http://dbpedia.org/resource/Bryan_Bertino","422174.0","http://dbpedia.org/resource/Bryan_Bertino","English"
"http://dbpedia.org/resource/The_Turning_(2020_film)","56700354","The Turning is a 2020 American supernatural horror film directed by Floria Sigismondi and written by Carey W. Hayes and Chad Hayes. It is a modern adaptation of the 1898 ghost story The Turn of the Screw by Henry James. The film stars Mackenzie Davis, Finn Wolfhard, Brooklynn Prince, and Joely Richardson, and follows a young governess in 1994 who is hired to watch over two children after their parents are killed.","--Brooklynn Prince--Finn Wolfhard--Joely Richardson--Mackenzie Davis","The Turning","http://dbpedia.org/resource/Category:2020_films-http://dbpedia.org/resource/Category:2020_horror_films-http://dbpedia.org/resource/Category:2020s_ghost_films-http://dbpedia.org/resource/Category:2020s_supernatural_horror_films-http://dbpedia.org/resource/Category:Amblin_Entertainment_films-http://dbpedia.org/resource/Category:American_films-http://dbpedia.org/resource/Category:American_ghost_films-http://dbpedia.org/resource/Category:American_haunted_house_films-http://dbpedia.org/resource/Category:American_supernatural_horror_films-http://dbpedia.org/resource/Category:British_films-http://dbpedia.org/resource/Category:British_ghost_films-http://dbpedia.org/resource/Category:British_supernatural_horror_films-http://dbpedia.org/resource/Category:DreamWorks_Pictures_films-http://dbpedia.org/resource/Category:English-language_films-http://dbpedia.org/resource/Category:Films_based_on_The_Turn_of_the_Screw-http://dbpedia.org/resource/Category:Films_produced_by_Roy_Lee-http://dbpedia.org/resource/Category:Films_scored_by_Nathan_Barr-http://dbpedia.org/resource/Category:Films_set_in_1994-http://dbpedia.org/resource/Category:Films_set_in_Maine-http://dbpedia.org/resource/Category:Films_shot_in_the_Republic_of_Ireland-http://dbpedia.org/resource/Category:Irish_supernatural_horror_films-http://dbpedia.org/resource/Category:Universal_Pictures_films-http://dbpedia.org/resource/Category:Vertigo_Entertainment_films","na","http://dbpedia.org/resource/Floria_Sigismondi","1.94E7","http://dbpedia.org/resource/Roy_Lee","English"
"http://dbpedia.org/resource/Children_of_the_Corn_(2020_film)","65696861","Children of the Corn is a 2020 American supernatural horror film written and directed by Kurt Wimmer. It is a prequel to Children of the Corn (1984) and the eleventh installment of the Children of the Corn series. The film was released in limited theaters on October 23, 2020.","--Bruce Spence--Callan Mulvey--Elena Kampouris--Kate Moyer","Children of the Corn","http://dbpedia.org/resource/Category:2020_films-http://dbpedia.org/resource/Category:2020_horror_films-http://dbpedia.org/resource/Category:2020s_slasher_films-http://dbpedia.org/resource/Category:2020s_supernatural_horror_films-http://dbpedia.org/resource/Category:American_films-http://dbpedia.org/resource/Category:American_slasher_films-http://dbpedia.org/resource/Category:American_supernatural_horror_films-http://dbpedia.org/resource/Category:Children_of_the_Corn-http://dbpedia.org/resource/Category:English-language_films-http://dbpedia.org/resource/Category:Films_about_religion-http://dbpedia.org/resource/Category:Films_based_on_works_by_Stephen_King-http://dbpedia.org/resource/Category:Films_directed_by_Kurt_Wimmer-http://dbpedia.org/resource/Category:Films_set_in_Nebraska-http://dbpedia.org/resource/Category:Films_shot_in_New_South_Wales-http://dbpedia.org/resource/Category:Folk_horror_films-http://dbpedia.org/resource/Category:Prequel_films-http://dbpedia.org/resource/Category:Religious_horror_films","na","http://dbpedia.org/resource/Kurt_Wimmer","1025.0","http://dbpedia.org/resource/Donald_P._Borchers--http://dbpedia.org/resource/John_Baldecchi--http://dbpedia.org/resource/Lucas_Foster","English"
"http://dbpedia.org/resource/Peninsula_(film)","63495965","Peninsula (Korean: 반도; Hanja: 半島; RR: Bando; marketed in North America, British Isles and India as Train to Busan Presents: Peninsula) is a 2020 South Korean action-horror film directed by Yeon Sang-ho. It is a standalone sequel to the 2016 film Train to Busan and follows a soldier who is sent along with his team to retrieve a truck full of money from the wastelands of the Korean peninsula now inhabited by zombies, rogue militia, and a family. The film was released in South Korea on 15 July 2020. It received mixed reviews from critics and has grossed $42.7 million worldwide.","--Gang Dong-won--Lee Jung-hyun--Lee Re","Peninsula","http://dbpedia.org/resource/Category:2020_action_films-http://dbpedia.org/resource/Category:2020_films-http://dbpedia.org/resource/Category:2020_horror_films-http://dbpedia.org/resource/Category:Films_directed_by_Yeon_Sang-ho-http://dbpedia.org/resource/Category:IFC_Films_films-http://dbpedia.org/resource/Category:IMAX_films-http://dbpedia.org/resource/Category:Korean-language_films-http://dbpedia.org/resource/Category:Next_Entertainment_World_films-http://dbpedia.org/resource/Category:South_Korean_action_horror_films-http://dbpedia.org/resource/Category:South_Korean_action_thriller_films-http://dbpedia.org/resource/Category:South_Korean_films-http://dbpedia.org/resource/Category:South_Korean_horror_thriller_films-http://dbpedia.org/resource/Category:South_Korean_post-apocalyptic_films-http://dbpedia.org/resource/Category:South_Korean_zombie_films","na","http://dbpedia.org/resource/Yeon_Sang-ho","4.27E7","",""
"http://dbpedia.org/resource/Unearth_(film)","67576139","Unearth is a 2020 American horror film directed and edited by John C. Lyons and Dorota Swies, from a screenplay by Lyons and Kelsey Goldberg. It stars Adrienne Barbeau and Marc Blucas as the respective heads of two neighboring farm families in the rural United States. When one of the families leases their land to a natural gas company, the resulting fracking releases a force that threatens the lives of both families. Alongside Barbeau and Blucas, the film's cast includes P. J. Marshall, Allison McAtee, Rachel McKeon, Monica Wyche, and Brooke Sorenson.","--Adrienne Barbeau--Allison McAtee--Brooke Sorenson--Marc Blucas--Monica Wyche--P. J. Marshall--Rachel McKeon","Unearth","http://dbpedia.org/resource/Category:2020_horror_films-http://dbpedia.org/resource/Category:American_films-http://dbpedia.org/resource/Category:American_horror_films-http://dbpedia.org/resource/Category:Environmental_films-http://dbpedia.org/resource/Category:Films_about_farmers-http://dbpedia.org/resource/Category:Films_set_in_the_United_States","na","na","na","","English"
"http://dbpedia.org/resource/The_Retreat_(film)","66021750","The Retreat is a 2020 American horror film written and directed by Bruce Wemple. Set in the Adirondack High Peaks of upstate New York, the film stars Grant Schumacher as Gus, a man who, during a winter backpacking trip with his friend Adam (Dylan Grunn), finds himself tormented by a wendigo. The Retreat was released on DVD and video on demand on November 10, 2020.","Chris Cimperman--Dylan Grunn--Grant Schumacher","The Retreat","http://dbpedia.org/resource/Category:2020_films-http://dbpedia.org/resource/Category:2020_horror_films-http://dbpedia.org/resource/Category:2020_psychological_thriller_films-http://dbpedia.org/resource/Category:2020s_monster_movies-http://dbpedia.org/resource/Category:American_films-http://dbpedia.org/resource/Category:American_horror_films-http://dbpedia.org/resource/Category:American_monster_movies-http://dbpedia.org/resource/Category:American_psychological_thriller_films-http://dbpedia.org/resource/Category:English-language_films-http://dbpedia.org/resource/Category:Films_about_drugs-http://dbpedia.org/resource/Category:Films_based_on_Native_American_mythology-http://dbpedia.org/resource/Category:Films_set_in_New_York_(state)-http://dbpedia.org/resource/Category:Films_set_in_forests-http://dbpedia.org/resource/Category:Wendigos_in_popular_culture","na","na","na","","English"
"http://dbpedia.org/resource/Anything_for_Jackson","67319389","Anything for Jackson is a 2020 supernatural horror film directed by Justin G. Dyck, and written by Keith Cooper. The film stars Sheila McCarthy, Julian Richings, Konstantina Mantelos, Josh Cruddas, and Yannick Bisson. Anything for Jackson debuted at the Fantasia Film Festival in September 2020 before releasing Shudder the following December. The film received positive reviews from critics.","--Josh Cruddas--Konstantina Mantelos--http://dbpedia.org/resource/Julian_Richings--http://dbpedia.org/resource/Sheila_McCarthy--http://dbpedia.org/resource/Yannick_Bisson","Anything for Jackson","http://dbpedia.org/resource/Category:2020_horror_films-http://dbpedia.org/resource/Category:2020s_supernatural_horror_films-http://dbpedia.org/resource/Category:Canadian_films-http://dbpedia.org/resource/Category:Canadian_supernatural_horror_films","na","na","na","","English"
"http://dbpedia.org/resource/Shadow_in_the_Cloud","61212856","Shadow in the Cloud is a 2020 action horror film directed by Roseanne Liang, from a screenplay by Liang and Max Landis, starring Chloë Grace Moretz, Taylor John Smith, Nick Robinson, Beulah Koale and Callan Mulvey. It follows a female flight officer on a top-secret mission during the Second World War on a Boeing B-17 Flying Fortress while encountering an evil gremlin on board.","--Beulah Koale--Callan Mulvey--Chloë Grace Moretz--Nick Robinson--Taylor John Smith","Shadow in the Cloud","http://dbpedia.org/resource/Category:2020_action_films-http://dbpedia.org/resource/Category:2020_films-http://dbpedia.org/resource/Category:2020_horror_films-http://dbpedia.org/resource/Category:2020s_action_horror_films-http://dbpedia.org/resource/Category:American_World_War_II_films-http://dbpedia.org/resource/Category:American_action_horror_films-http://dbpedia.org/resource/Category:American_films-http://dbpedia.org/resource/Category:Films_about_gremlins-http://dbpedia.org/resource/Category:Films_set_in_1943-http://dbpedia.org/resource/Category:New_Zealand_action_horror_films-http://dbpedia.org/resource/Category:New_Zealand_films-http://dbpedia.org/resource/Category:Vertical_Entertainment_films-http://dbpedia.org/resource/Category:World_War_II_aviation_films","na","http://dbpedia.org/resource/Roseanne_Liang","908792.0","http://dbpedia.org/resource/Fred_Berger_(producer)--http://dbpedia.org/resource/Kelly_McCormick--http://dbpedia.org/resource/Tom_Hern","English"
"http://dbpedia.org/resource/Peninsula_(film)","63495965","Peninsula (Korean: 반도; Hanja: 半島; RR: Bando; marketed in North America, British Isles and India as Train to Busan Presents: Peninsula) is a 2020 South Korean action-horror film directed by Yeon Sang-ho. It is a standalone sequel to the 2016 film Train to Busan and follows a soldier who is sent along with his team to retrieve a truck full of money from the wastelands of the Korean peninsula now inhabited by zombies, rogue militia, and a family. The film was released in South Korea on 15 July 2020. It received mixed reviews from critics and has grossed $42.7 million worldwide.","--Gang Dong-won--Lee Jung-hyun--Lee Re","Peninsula","http://dbpedia.org/resource/Category:2020_action_films-http://dbpedia.org/resource/Category:2020_films-http://dbpedia.org/resource/Category:2020_horror_films-http://dbpedia.org/resource/Category:Films_directed_by_Yeon_Sang-ho-http://dbpedia.org/resource/Category:IFC_Films_films-http://dbpedia.org/resource/Category:IMAX_films-http://dbpedia.org/resource/Category:Korean-language_films-http://dbpedia.org/resource/Category:Next_Entertainment_World_films-http://dbpedia.org/resource/Category:South_Korean_action_horror_films-http://dbpedia.org/resource/Category:South_Korean_action_thriller_films-http://dbpedia.org/resource/Category:South_Korean_films-http://dbpedia.org/resource/Category:South_Korean_horror_thriller_films-http://dbpedia.org/resource/Category:South_Korean_post-apocalyptic_films-http://dbpedia.org/resource/Category:South_Korean_zombie_films","na","http://dbpedia.org/resource/Yeon_Sang-ho","4.27E7","","Polish"
"http://dbpedia.org/resource/Anak_Ambar","62944334","Anak Ambar is a 2020 Indonesian short horror film. It was directed by Melvin Giovanie and written by Fanny Gunawan. The film tells a story about the belief of a mother who preserve the spirit of her stillbirth child (ambar child) by using attributes. Strange events begin to emerge when she temporarily stays with her eldest daughter, Mita, and Ferry, her son-in-law who does not accept her belief and disallow her to bring the ambar child's attributes into their house. The short film was released on January 15, 2020.","Melvin Giovanie--http://dbpedia.org/resource/Ilah_Milah--http://dbpedia.org/resource/Irene_Sonia--http://dbpedia.org/resource/Levana_Azzahra--http://dbpedia.org/resource/Nissy_Ariana_Meinard--http://dbpedia.org/resource/Qory_Sandyoriva--http://dbpedia.org/resource/Wellyranti","Anak Ambar","http://dbpedia.org/resource/Category:2020_films-http://dbpedia.org/resource/Category:2020_horror_films-http://dbpedia.org/resource/Category:2020_short_films-http://dbpedia.org/resource/Category:Films_set_in_Indonesia-http://dbpedia.org/resource/Category:Films_shot_in_Indonesia-http://dbpedia.org/resource/Category:Indonesian_films-http://dbpedia.org/resource/Category:Indonesian_ghost_films-http://dbpedia.org/resource/Category:Indonesian_horror_films-http://dbpedia.org/resource/Category:Indonesian_supernatural_horror_films","http://dbpedia.org/resource/Edwin_Effendi","http://dbpedia.org/resource/Melvin_Giovanie","na","http://dbpedia.org/resource/Fanny_Gunawan--http://dbpedia.org/resource/Melvin_Giovanie","Indonesian"
"http://dbpedia.org/resource/Ghost_Stories_(2020_film)","61836448","Ghost Stories is a 2020 Indian Hindi-language anthology horror film, consisting of four short film segments directed by Karan Johar, Dibakar Banerjee, Zoya Akhtar and Anurag Kashyap. It is co-produced by Ronnie Screwvala and Ashi Dua under their production banner RSVP Movies and Flying Unicorn Entertainment respectively. The film features an ensemble cast including Mrunal Thakur, Avinash Tiwary, Janhvi Kapoor, Raghuvir Yadav, Sobhita Dhulipala, Vijay Varma and Pavail Gulati. It was released on Netflix on January 1, 2020.","--Anish Bamne--Pavail Gulati--http://dbpedia.org/resource/Avinash_Tiwary--http://dbpedia.org/resource/Gulshan_Devaiah--http://dbpedia.org/resource/Janhvi_Kapoor--http://dbpedia.org/resource/Mrunal_Thakur--http://dbpedia.org/resource/Raghuvir_Yadav--http://dbpedia.org/resource/Sobhita_Dhulipala--http://dbpedia.org/resource/Surekha_Sikri","Ghost Stories","http://dbpedia.org/resource/Category:2020_direct-to-video_films-http://dbpedia.org/resource/Category:2020_films-http://dbpedia.org/resource/Category:2020_horror_films-http://dbpedia.org/resource/Category:Films_directed_by_Anurag_Kashyap-http://dbpedia.org/resource/Category:Films_directed_by_Dibakar_Banerjee-http://dbpedia.org/resource/Category:Films_directed_by_Karan_Johar-http://dbpedia.org/resource/Category:Films_directed_by_Zoya_Akhtar-http://dbpedia.org/resource/Category:Hindi-language_Netflix_original_films-http://dbpedia.org/resource/Category:Indian_anthology_films-http://dbpedia.org/resource/Category:Indian_direct-to-video_films-http://dbpedia.org/resource/Category:Indian_films-http://dbpedia.org/resource/Category:Indian_horror_anthology_films","na","http://dbpedia.org/resource/Dibakar_Banerjee","na","http://dbpedia.org/resource/Ronnie_Screwvala","Hindi"
"http://dbpedia.org/resource/I_Am_Fear","63121271","I Am Fear is a 2020 horror film directed by Kevin Shulman.","http://dbpedia.org/resource/Bill_Moseley--http://dbpedia.org/resource/Christian_Oliver--http://dbpedia.org/resource/Eoin_Macken--http://dbpedia.org/resource/Faran_Tahir--http://dbpedia.org/resource/Kristina_Klebe--http://dbpedia.org/resource/William_Forsythe_(actor)","I Am Fear","http://dbpedia.org/resource/Category:2020_films-http://dbpedia.org/resource/Category:2020_horror_films-http://dbpedia.org/resource/Category:2020s_psychological_horror_films-http://dbpedia.org/resource/Category:2020s_supernatural_horror_films-http://dbpedia.org/resource/Category:American_action_horror_films-http://dbpedia.org/resource/Category:American_films-http://dbpedia.org/resource/Category:American_science_fiction_horror_films-http://dbpedia.org/resource/Category:American_thriller_films-http://dbpedia.org/resource/Category:Films_set_in_the_United_States-http://dbpedia.org/resource/Category:Films_shot_in_North_America-http://dbpedia.org/resource/Category:Films_shot_in_the_United_States","na","http://dbpedia.org/resource/Kevin_Shulman","na","","English"
"http://dbpedia.org/resource/Kandisha_(2020_film)","66344756","Kandisha is a French horror film directed and written by Alexandre Bustillo and Julien Maury. The film stars , Walid Afkir, Suzy Bemba, Bakary Diombera and Sandor Funtek.","--Bakary Diombera--Mériem Sarolie--Sandor Funtek--Suzy Bemba--Walid Afkir","Kandisha","http://dbpedia.org/resource/Category:2020_horror_films-http://dbpedia.org/resource/Category:French_horror_films","na","http://dbpedia.org/resource/Julien_Maury_and_Alexandre_Bustillo","na","","French"
"http://dbpedia.org/resource/Don't_Click_(2020_film)","66171803","Don't Click is a 2020 Canadian horror film that was directed by G-Hey Kim. It screened online at the 2020 FrightFest and stars Valter Skarsgård as a young man who is forced into a nightmarish reality after viewing a snuff film. The film is based on a 2017 short film by the same name created by Kim.","Catherine HowardGeoff MaysMay Grehan--Mark Koufos--http://dbpedia.org/resource/Valter_Skarsgård","Don't Click","http://dbpedia.org/resource/Category:2020_films-http://dbpedia.org/resource/Category:2020_horror_films-http://dbpedia.org/resource/Category:2020s_ghost_films-http://dbpedia.org/resource/Category:2020s_supernatural_horror_films-http://dbpedia.org/resource/Category:Canadian_films-http://dbpedia.org/resource/Category:Canadian_supernatural_horror_films-http://dbpedia.org/resource/Category:Features_based_on_short_films-http://dbpedia.org/resource/Category:Horror_film_remakes-http://dbpedia.org/resource/Category:Short_film_remakes","na","na","na","http://dbpedia.org/resource/George_Mihalka","English"
"http://dbpedia.org/resource/The_Closet_(2020_film)","60522791","The Closet (Korean: 클로젯; RR: Keullojet) is a 2020 South Korean horror film written and directed by Kim Kwang-bin, starring Ha Jung-woo and Kim Nam-gil.","http://dbpedia.org/resource/Ha_Jung-woo--http://dbpedia.org/resource/Kim_Nam-gil","The Closet","http://dbpedia.org/resource/Category:2020_films-http://dbpedia.org/resource/Category:2020_horror_films-http://dbpedia.org/resource/Category:CJ_Entertainment_films-http://dbpedia.org/resource/Category:Films_about_exorcism-http://dbpedia.org/resource/Category:South_Korean_films-http://dbpedia.org/resource/Category:South_Korean_supernatural_horror_films","na","na","na","","Korean"
"http://dbpedia.org/resource/Bloodthirsty_(2020_film)","67330839","Bloodthirsty is a Canadian horror film, directed by Amelia Moses and released in to festivals in 2020 and commercially in 2021. It stars Lauren Beatty as Grey, an indie singer-songwriter who begins to transform into a werewolf while working at a remote wilderness recording studio with producer Vaughn (Greg Bryk). The film premiered on October 1, 2020 at the Fantastic Fest in Austin, Texas, and was released on video-on-demand on April 23, 2021.","Katharine King So--Lauren Beatty--http://dbpedia.org/resource/Greg_Bryk","Bloodthirsty","http://dbpedia.org/resource/Category:2020_LGBT-related_films-http://dbpedia.org/resource/Category:2020_films-http://dbpedia.org/resource/Category:2020_horror_films-http://dbpedia.org/resource/Category:Canadian_LGBT-related_films-http://dbpedia.org/resource/Category:Canadian_films-http://dbpedia.org/resource/Category:Canadian_werewolf_films-http://dbpedia.org/resource/Category:Films_shot_in_Edmonton-http://dbpedia.org/resource/Category:LGBT-related_horror_films-http://dbpedia.org/resource/Category:Lesbian-related_films-http://dbpedia.org/resource/Category:Werewolves_in_film","na","na","na","","English"
"http://dbpedia.org/resource/Fantasy_Island_(film)","58716249","Fantasy Island, also known as Blumhouse's Fantasy Island, is a 2020 American supernatural horror film directed and co-written by Jeff Wadlow. Serving both as a horror reimagining and a prequel to ABC's 1977 television series of the same name, it stars Michael Peña, Maggie Q, Lucy Hale, Austin Stowell, Jimmy O. Yang, Ryan Hansen, Portia Doubleday, and Michael Rooker and follows a group of people who, while visiting the eponymous island, discover that their dream fantasies brought to life begin to turn into horrific living nightmares they must try to survive.","--Austin Stowell--Jimmy O. Yang--Lucy Hale--Maggie Q--Michael Peña--Michael Rooker--Portia Doubleday--Ryan Hansen","Fantasy Island:","http://dbpedia.org/resource/Category:2020_fantasy_films-http://dbpedia.org/resource/Category:2020_films-http://dbpedia.org/resource/Category:2020_horror_films-http://dbpedia.org/resource/Category:2020s_fantasy_adventure_films-http://dbpedia.org/resource/Category:2020s_supernatural_horror_films-http://dbpedia.org/resource/Category:American_fantasy_adventure_films-http://dbpedia.org/resource/Category:American_films-http://dbpedia.org/resource/Category:American_supernatural_horror_films-http://dbpedia.org/resource/Category:American_zombie_films-http://dbpedia.org/resource/Category:Blumhouse_Productions_films-http://dbpedia.org/resource/Category:Columbia_Pictures_films-http://dbpedia.org/resource/Category:Fantasy_Island-http://dbpedia.org/resource/Category:Films_based_on_television_series-http://dbpedia.org/resource/Category:Films_directed_by_Jeff_Wadlow-http://dbpedia.org/resource/Category:Films_produced_by_Jason_Blum-http://dbpedia.org/resource/Category:Films_scored_by_Bear_McCreary-http://dbpedia.org/resource/Category:Films_set_on_islands-http://dbpedia.org/resource/Category:Films_shot_in_Fiji-http://dbpedia.org/resource/Category:Holiday_horror_films-http://dbpedia.org/resource/Category:Jungle_adventure_films-http://dbpedia.org/resource/Category:Prequel_films","http://dbpedia.org/resource/Toby_Oliver","http://dbpedia.org/resource/Jeff_Wadlow","4.88E7","http://dbpedia.org/resource/Jason_Blum--http://dbpedia.org/resource/Jeff_Wadlow","English"
"http://dbpedia.org/resource/Peninsula_(film)","63495965","Peninsula (Korean: 반도; Hanja: 半島; RR: Bando; marketed in North America, British Isles and India as Train to Busan Presents: Peninsula) is a 2020 South Korean action-horror film directed by Yeon Sang-ho. It is a standalone sequel to the 2016 film Train to Busan and follows a soldier who is sent along with his team to retrieve a truck full of money from the wastelands of the Korean peninsula now inhabited by zombies, rogue militia, and a family. The film was released in South Korea on 15 July 2020. It received mixed reviews from critics and has grossed $42.7 million worldwide.","--Gang Dong-won--Lee Jung-hyun--Lee Re","Peninsula","http://dbpedia.org/resource/Category:2020_films-http://dbpedia.org/resource/Category:Films_directed_by_Yeon_Sang-ho-http://dbpedia.org/resource/Category:IMAX_films-http://dbpedia.org/resource/Category:Korean-language_films-http://dbpedia.org/resource/Category:South_Korean_action_horror_films-http://dbpedia.org/resource/Category:South_Korean_action_thriller_films-http://dbpedia.org/resource/Category:South_Korean_films-http://dbpedia.org/resource/Category:South_Korean_post-apocalyptic_films","na","http://dbpedia.org/resource/Yeon_Sang-ho","4.27E7","","Cantonese"
"http://dbpedia.org/resource/Peninsula_(film)","63495965","Peninsula (Korean: 반도; Hanja: 半島; RR: Bando; marketed in North America, British Isles and India as Train to Busan Presents: Peninsula) is a 2020 South Korean action-horror film directed by Yeon Sang-ho. It is a standalone sequel to the 2016 film Train to Busan and follows a soldier who is sent along with his team to retrieve a truck full of money from the wastelands of the Korean peninsula now inhabited by zombies, rogue militia, and a family. The film was released in South Korea on 15 July 2020. It received mixed reviews from critics and has grossed $42.7 million worldwide.","--Gang Dong-won--Lee Jung-hyun--Lee Re","Peninsula","http://dbpedia.org/resource/Category:2020_action_films-http://dbpedia.org/resource/Category:2020_horror_films-http://dbpedia.org/resource/Category:IFC_Films_films-http://dbpedia.org/resource/Category:Next_Entertainment_World_films-http://dbpedia.org/resource/Category:South_Korean_horror_thriller_films-http://dbpedia.org/resource/Category:South_Korean_zombie_films","na","http://dbpedia.org/resource/Yeon_Sang-ho","4.27E7","","Cantonese"
"http://dbpedia.org/resource/What_Lies_Below_(film)","67764571","What Lies Below is a 2020 American horror film written and directed by Braden R. Duemmler and starring Ema Horvath, Mena Suvari, and Trey Tucker.","--Ema Horvath--Trey Tucker--http://dbpedia.org/resource/Mena_Suvari","What Lies Below","http://dbpedia.org/resource/Category:2020_horror_films-http://dbpedia.org/resource/Category:American_films-http://dbpedia.org/resource/Category:American_horror_films","na","na","8441.0","","English"
"http://dbpedia.org/resource/Violation_(film)","66282942","Violation is a 2020 Canadian drama horror film directed and written by Madeleine Sims-Fewer and Dusty Mancinelli. It is the feature film debut of the two directors, who have collaborated on several short films displayed at film festivals worldwide. The film stars Madeleine Sims-Fewer, Anna Maguire, Jesse LaVercombe, Obi Abili, Jasmin Geljo and Cynthia Ashperger. The film premiered at the 2020 Toronto International Film Festival. It had its US premiere at the 2021 Sundance Film Festival on February 1, 2021.","--Anna Maguire--Cynthia Ashperger--Jasmin Geljo--Jesse LaVercombe--Madeleine Sims-Fewer--Obi Abili","Violation","http://dbpedia.org/resource/Category:2020_directorial_debut_films-http://dbpedia.org/resource/Category:2020_drama_films-http://dbpedia.org/resource/Category:2020_films-http://dbpedia.org/resource/Category:2020_horror_films-http://dbpedia.org/resource/Category:2020s_horror_drama_films-http://dbpedia.org/resource/Category:Canadian_films-http://dbpedia.org/resource/Category:Canadian_horror_drama_films-http://dbpedia.org/resource/Category:Shudder_(streaming_service)_original_programming","na","http://dbpedia.org/resource/Madeleine_Sims-Fewer","na","http://dbpedia.org/resource/Dusty_Mancinelli--http://dbpedia.org/resource/Madeleine_Sims-Fewer","English"
"http://dbpedia.org/resource/Evil_Eye_(2020_film)","64884447","Evil Eye is a 2020 American horror film directed by Elan and Rajeev Dassani and written by Madhuri Shekar, based on her Audible Original audio play of the same name. The film stars Sarita Choudhury, Sunita Mani and Omar Maskati. It was executive produced by Jason Blum of Blumhouse Television and Priyanka Chopra of Purple Pebble Pictures. Evil Eye was released on October 13, 2020, by Amazon Studios, as the third installment in the anthological Welcome to the Blumhouse film series.","--Bernard White--Omar Maskati--Sarita Choudhury--Sunita Mani","Evil Eye","http://dbpedia.org/resource/Category:2020_films-http://dbpedia.org/resource/Category:2020_horror_films-http://dbpedia.org/resource/Category:2020s_supernatural_horror_films-http://dbpedia.org/resource/Category:Amazon_Studios_films-http://dbpedia.org/resource/Category:American_films-http://dbpedia.org/resource/Category:American_films_based_on_plays-http://dbpedia.org/resource/Category:American_supernatural_horror_films-http://dbpedia.org/resource/Category:Blumhouse_Productions_films","na","na","na","","English"
"http://dbpedia.org/resource/The_Old_Ways","67507421","The Old Ways is a 2020 American horror film directed by Christopher Alender. It stars Brigitte Kali Canales as Cristina Lopez, a Mexican-American reporter who returns to her hometown near Veracruz in search of a story on witchcraft. There, she is kidnapped by a group of locals, including a bruja (a female practitioner of witchcraft), who believe her to be possessed by a demon. The Old Ways had its world premiere at the Sitges Film Festival in October 2020.","--AJ Bowen--Andrea Cortés--Brigitte Kali Canales--Julia Vera--Sal Lopez","The Old Ways","http://dbpedia.org/resource/Category:2020_horror_films-http://dbpedia.org/resource/Category:American_films-http://dbpedia.org/resource/Category:American_horror_films-http://dbpedia.org/resource/Category:Demons_in_film-http://dbpedia.org/resource/Category:Films_about_exorcism-http://dbpedia.org/resource/Category:Films_about_witchcraft-http://dbpedia.org/resource/Category:Films_set_in_Mexico-http://dbpedia.org/resource/Category:Hispanic_and_Latino_American_horror_films","na","na","na","","English"
"http://dbpedia.org/resource/Haunted_Hills","63081015","Haunted Hills (transl. हॉन्टेड हिल्स) is an Indian Hindi-language horror romantic film, written and directed by Sanjeev Kumar Rajput. The films stars Zuber K. Khan and Diana Khan in the lead roles.","Diana Khan--Gavie Chahal--Surendra Pal Singh--http://dbpedia.org/resource/Zuber_K._Khan","Haunted Hills","http://dbpedia.org/resource/Category:2020_films-http://dbpedia.org/resource/Category:2020_horror_films-http://dbpedia.org/resource/Category:2020_romance_films-http://dbpedia.org/resource/Category:2020s_Hindi-language_films-http://dbpedia.org/resource/Category:Films_set_in_Mumbai-http://dbpedia.org/resource/Category:Indian_films-http://dbpedia.org/resource/Category:Indian_romantic_horror_films","na","na","na","","http://dbpedia.org/resource/English_language"
"http://dbpedia.org/resource/The_Superdeep","65691120","The Superdeep (Russian: Кольская сверхглубокая) is a 2020 Russian horror film directed by Arseny Syuhin, based on the real-life Kola Superdeep Borehole. The film focuses on a group of researchers and soldiers who investigate the mystery surrounding reports of a disease outbreak at a secret underground research facility in 1984 Russia.","--Kirill Kovbas--Maksim Radugin--Milena Radulovic--Nikita Dyuvbanov--Vadim Demchog","The Superdeep","http://dbpedia.org/resource/Category:2020_films-http://dbpedia.org/resource/Category:2020_horror_films-http://dbpedia.org/resource/Category:Russian-language_films-http://dbpedia.org/resource/Category:Russian_films-http://dbpedia.org/resource/Category:Russian_science_fiction_horror_films","na","na","na","","English"
"http://dbpedia.org/resource/Fantasy_Island_(film)","58716249","Fantasy Island, also known as Blumhouse's Fantasy Island, is a 2020 American supernatural horror film directed and co-written by Jeff Wadlow. Serving both as a horror reimagining and a prequel to ABC's 1977 television series of the same name, it stars Michael Peña, Maggie Q, Lucy Hale, Austin Stowell, Jimmy O. Yang, Ryan Hansen, Portia Doubleday, and Michael Rooker and follows a group of people who, while visiting the eponymous island, discover that their dream fantasies brought to life begin to turn into horrific living nightmares they must try to survive.","--Austin Stowell--Jimmy O. Yang--Lucy Hale--Maggie Q--Michael Peña--Michael Rooker--Portia Doubleday--Ryan Hansen","Original Motion Picture Soundtrack","http://dbpedia.org/resource/Category:2020_fantasy_films-http://dbpedia.org/resource/Category:2020_films-http://dbpedia.org/resource/Category:2020_horror_films-http://dbpedia.org/resource/Category:2020s_fantasy_adventure_films-http://dbpedia.org/resource/Category:2020s_supernatural_horror_films-http://dbpedia.org/resource/Category:American_fantasy_adventure_films-http://dbpedia.org/resource/Category:American_films-http://dbpedia.org/resource/Category:American_supernatural_horror_films-http://dbpedia.org/resource/Category:American_zombie_films-http://dbpedia.org/resource/Category:Blumhouse_Productions_films-http://dbpedia.org/resource/Category:Columbia_Pictures_films-http://dbpedia.org/resource/Category:Fantasy_Island-http://dbpedia.org/resource/Category:Films_based_on_television_series-http://dbpedia.org/resource/Category:Films_directed_by_Jeff_Wadlow-http://dbpedia.org/resource/Category:Films_produced_by_Jason_Blum-http://dbpedia.org/resource/Category:Films_scored_by_Bear_McCreary-http://dbpedia.org/resource/Category:Films_set_on_islands-http://dbpedia.org/resource/Category:Films_shot_in_Fiji-http://dbpedia.org/resource/Category:Holiday_horror_films-http://dbpedia.org/resource/Category:Jungle_adventure_films-http://dbpedia.org/resource/Category:Prequel_films","http://dbpedia.org/resource/Toby_Oliver","http://dbpedia.org/resource/Jeff_Wadlow","4.88E7","http://dbpedia.org/resource/Jason_Blum--http://dbpedia.org/resource/Jeff_Wadlow","English"
"http://dbpedia.org/resource/Ghosts_of_War_(2020_film)","53770442","Ghosts of War is a 2020 WWII supernatural horror film written and directed by Eric Bress. The film stars Brenton Thwaites, Theo Rossi, Skylar Astin, Kyle Gallner, and Alan Ritchson. It was released on DirecTV on 18 June 2020.","--Alan Ritchson--Billy Zane--Brenton Thwaites--Kyle Gallner--Shaun Toub--Skylar Astin--Theo Rossi","Ghosts of War","http://dbpedia.org/resource/Category:2020_films-http://dbpedia.org/resource/Category:2020_horror_films-http://dbpedia.org/resource/Category:2020s_supernatural_horror_films-http://dbpedia.org/resource/Category:2020s_war_films-http://dbpedia.org/resource/Category:British_films-http://dbpedia.org/resource/Category:British_supernatural_horror_films-http://dbpedia.org/resource/Category:British_war_films-http://dbpedia.org/resource/Category:Films_about_post-traumatic_stress_disorder-http://dbpedia.org/resource/Category:Films_about_virtual_reality-http://dbpedia.org/resource/Category:Films_shot_in_Bulgaria-http://dbpedia.org/resource/Category:Horror_war_films-http://dbpedia.org/resource/Category:Supernatural_war_films-http://dbpedia.org/resource/Category:War_in_Afghanistan_(2001–2021)_films","http://dbpedia.org/resource/Lorenzo_Senatore","http://dbpedia.org/resource/Eric_Bress","345289.0","","English"
"http://dbpedia.org/resource/Books_of_Blood_(film)","65483891","Books of Blood is a 2020 American anthology horror film directed by Brannon Braga and co-written by Braga and Adam Simon. It is based on Books of Blood by Clive Barker and the second film adaptation after Book of Blood (2009). The film premiered at the 2020 Screamfest Horror Film Festival on October 6, 2020, and was released on Hulu on October 7, 2020. This was the final production by Touchstone Television before being folded into 20th Television.","--Anna Friel--Britt Robertson--Rafi Gavron--Yul Vazquez","Books of Blood","http://dbpedia.org/resource/Category:2020_films-http://dbpedia.org/resource/Category:2020_horror_films-http://dbpedia.org/resource/Category:American_films-http://dbpedia.org/resource/Category:American_horror_anthology_films-http://dbpedia.org/resource/Category:English-language_films-http://dbpedia.org/resource/Category:Films_based_on_short_fiction-http://dbpedia.org/resource/Category:Films_based_on_works_by_Clive_Barker-http://dbpedia.org/resource/Category:Films_scored_by_Tyler_Bates-http://dbpedia.org/resource/Category:Films_shot_in_Nova_Scotia-http://dbpedia.org/resource/Category:Films_with_screenplays_by_Brannon_Braga-http://dbpedia.org/resource/Category:Fuzzy_Door_Productions_films-http://dbpedia.org/resource/Category:Hulu_original_films","na","http://dbpedia.org/resource/Brannon_Braga","na","","English"
"http://dbpedia.org/resource/Bad_Impulse","66211544","Bad Impulse is a 2020 American horror film directed by Michelle Danner and starring Grant Bowler, Sonya Walger, James Landry Hebert, Dan Lauria and Paul Sorvino.","James Landry Hebert--http://dbpedia.org/resource/Dan_Lauria--http://dbpedia.org/resource/Grant_Bowler--http://dbpedia.org/resource/Paul_Sorvino--http://dbpedia.org/resource/Sonya_Walger","Bad Impulse","http://dbpedia.org/resource/Category:2020_horror_films-http://dbpedia.org/resource/Category:American_films-http://dbpedia.org/resource/Category:American_horror_films","na","http://dbpedia.org/resource/Michelle_Danner","na","","English"
"http://dbpedia.org/resource/My_Heart_Can't_Beat_Unless_You_Tell_It_To","62990658","My Heart Can't Beat Unless You Tell It To is a 2020 American psychological horror drama film written and directed by Jonathan Cuartas and starring Patrick Fugit, Ingrid Sophie Schram, and Owen Campbell.","--Owen Campbell--Patrick Fugit","My Heart Can't Beat Unless You Tell It To","http://dbpedia.org/resource/Category:2020_films-http://dbpedia.org/resource/Category:2020_horror_films-http://dbpedia.org/resource/Category:American_films-http://dbpedia.org/resource/Category:American_horror_films-http://dbpedia.org/resource/Category:English-language_films-http://dbpedia.org/resource/Category:Films_postponed_due_to_the_COVID-19_pandemic-http://dbpedia.org/resource/Category:Films_shot_in_Salt_Lake_City-http://dbpedia.org/resource/Category:Spanish-language_films","na","na","na","","English"
"http://dbpedia.org/resource/Kindred_(film)","65775208","Kindred is a 2020 British mystery horror drama film written and directed by Joe Marcantonio and starring Tamara Lawrance, Jack Lowden and Fiona Shaw. The film premiered at the 2021 Montclair Film Festival at a drive-in screening.","http://dbpedia.org/resource/Fiona_Shaw--http://dbpedia.org/resource/Jack_Lowden--http://dbpedia.org/resource/Tamara_Lawrance","Kindred","http://dbpedia.org/resource/Category:2020_drama_films-http://dbpedia.org/resource/Category:2020_horror_films-http://dbpedia.org/resource/Category:British_films-http://dbpedia.org/resource/Category:British_horror_drama_films-http://dbpedia.org/resource/Category:British_mystery_drama_films","na","na","8921.0","","English"
"http://dbpedia.org/resource/Smiley_Face_Killers_(film)","65609964","Smiley Face Killers is a 2020 American slasher film directed by Tim Hunter and written by Bret Easton Ellis, loosely based on the Smiley face murder theory. The film stars Ronen Rubinstein, Mia Serafino, and Crispin Glover.","--Crispin Glover--Mia Serafino--Ronen Rubinstein","Smiley Face Killers","http://dbpedia.org/resource/Category:2020_direct-to-video_films-http://dbpedia.org/resource/Category:2020_films-http://dbpedia.org/resource/Category:2020_horror_films-http://dbpedia.org/resource/Category:2020_independent_films-http://dbpedia.org/resource/Category:2020s_serial_killer_films-http://dbpedia.org/resource/Category:2020s_slasher_films-http://dbpedia.org/resource/Category:American_direct-to-video_films-http://dbpedia.org/resource/Category:American_films-http://dbpedia.org/resource/Category:American_independent_films-http://dbpedia.org/resource/Category:American_serial_killer_films-http://dbpedia.org/resource/Category:American_slasher_films-http://dbpedia.org/resource/Category:Direct-to-video_horror_films-http://dbpedia.org/resource/Category:Films_directed_by_Tim_Hunter-http://dbpedia.org/resource/Category:Films_set_in_Santa_Cruz_County,_California-http://dbpedia.org/resource/Category:Films_shot_in_Los_Angeles-http://dbpedia.org/resource/Category:Films_shot_in_Los_Angeles_County,_California-http://dbpedia.org/resource/Category:Lionsgate_films","na","http://dbpedia.org/resource/Tim_Hunter_(director)","na","http://dbpedia.org/resource/Braxton_Pope--http://dbpedia.org/resource/Bret_Easton_Ellis","English"
"http://dbpedia.org/resource/Gretel_&_Hansel","61211146","Gretel & Hansel (also known as Gretel & Hansel: A Grim Fairy Tale) is a 2020 dark fantasy horror film based on the German folklore tale "Hansel and Gretel" by the Brothers Grimm. The film is directed by Oz Perkins, and produced by Fred Berger, Brian Kavanaugh-Jones, and Dan Kagan, with a screenplay by Rob Hayes. Sophia Lillis and Sam Leakey portray the titular characters, alongside Alice Krige and Jessica De Gouw. The story follows Gretel and Hansel as they enter the dark woods in order to find work and food, and then stumble upon the home of a witch.","--Alice Krige--Jessica De Gouw--Sam Leakey--Sophia Lillis","Gretel & Hansel","http://dbpedia.org/resource/Category:2020_fantasy_films-http://dbpedia.org/resource/Category:2020_films-http://dbpedia.org/resource/Category:2020_horror_films-http://dbpedia.org/resource/Category:American_dark_fantasy_films-http://dbpedia.org/resource/Category:American_fantasy_films-http://dbpedia.org/resource/Category:American_films-http://dbpedia.org/resource/Category:American_supernatural_horror_films-http://dbpedia.org/resource/Category:Bron_Studios_films-http://dbpedia.org/resource/Category:Canadian_films-http://dbpedia.org/resource/Category:Canadian_supernatural_horror_films-http://dbpedia.org/resource/Category:English-language_films-http://dbpedia.org/resource/Category:Films_about_cannibalism-http://dbpedia.org/resource/Category:Films_about_witchcraft-http://dbpedia.org/resource/Category:Films_based_on_Hansel_and_Gretel-http://dbpedia.org/resource/Category:Films_directed_by_Oz_Perkins-http://dbpedia.org/resource/Category:Films_shot_in_Ireland-http://dbpedia.org/resource/Category:Films_shot_in_Vancouver-http://dbpedia.org/resource/Category:Folk_horror_films-http://dbpedia.org/resource/Category:Irish_films-http://dbpedia.org/resource/Category:Irish_supernatural_horror_films-http://dbpedia.org/resource/Category:Metro-Goldwyn-Mayer_films-http://dbpedia.org/resource/Category:Orion_Pictures_films","na","http://dbpedia.org/resource/Oz_Perkins","2.21E7","http://dbpedia.org/resource/Fred_Berger_(producer)","English"
"http://dbpedia.org/resource/Ghost_Stories_(2020_film)","61836448","Ghost Stories is a 2020 Indian Hindi-language anthology horror film, consisting of four short film segments directed by Karan Johar, Dibakar Banerjee, Zoya Akhtar and Anurag Kashyap. It is co-produced by Ronnie Screwvala and Ashi Dua under their production banner RSVP Movies and Flying Unicorn Entertainment respectively. The film features an ensemble cast including Mrunal Thakur, Avinash Tiwary, Janhvi Kapoor, Raghuvir Yadav, Sobhita Dhulipala, Vijay Varma and Pavail Gulati. It was released on Netflix on January 1, 2020.","--Anish Bamne--Pavail Gulati--http://dbpedia.org/resource/Avinash_Tiwary--http://dbpedia.org/resource/Gulshan_Devaiah--http://dbpedia.org/resource/Janhvi_Kapoor--http://dbpedia.org/resource/Mrunal_Thakur--http://dbpedia.org/resource/Raghuvir_Yadav--http://dbpedia.org/resource/Sobhita_Dhulipala--http://dbpedia.org/resource/Surekha_Sikri","Ghost Stories","http://dbpedia.org/resource/Category:2020_direct-to-video_films-http://dbpedia.org/resource/Category:2020_films-http://dbpedia.org/resource/Category:2020_horror_films-http://dbpedia.org/resource/Category:Films_directed_by_Anurag_Kashyap-http://dbpedia.org/resource/Category:Films_directed_by_Dibakar_Banerjee-http://dbpedia.org/resource/Category:Films_directed_by_Karan_Johar-http://dbpedia.org/resource/Category:Films_directed_by_Zoya_Akhtar-http://dbpedia.org/resource/Category:Hindi-language_Netflix_original_films-http://dbpedia.org/resource/Category:Indian_anthology_films-http://dbpedia.org/resource/Category:Indian_direct-to-video_films-http://dbpedia.org/resource/Category:Indian_films-http://dbpedia.org/resource/Category:Indian_horror_anthology_films","na","http://dbpedia.org/resource/Karan_Johar","na","http://dbpedia.org/resource/Ronnie_Screwvala","Hindi"
